INSERT INTO circuito(nome,alias,nazione,lunghezza) VALUES
('Adelaide','Adelaide Street Circuit','AU',3.78),
('Aida','Okayama International Circuit','JP',3.70),
('Ain-Diab','Ain-Diab Circuit','MA',7.603),
('Aintree','Aintree Motor Racing Circuit','UK',4.83),
('Anderstrop','Anderstrop Raceway','SE',4.02),
('Austin','Circuit of the Americas','US',5.51),
('AVUS','AVUS','DE',8.30),
('Bahrain','Bahrain International Circuit','BH',5.41),
('Baku','Baku City Circuit','AZ',6.00),
('Brands Hatch','Brands Hatch','UK',4.27),
('Bremgarten','Circuit Bremgarten','CH',7.28),
('Buddh','Buddh International Circuit','IN',5.13),
('Buenos Aires','Autódromo Juan y Oscar Gálvez','AR',4.71),
('Bugatti','Bugatti Circuit','FR',4.43),
('Caesars Palace','Caesars Palace','US',3.65),
('Catalunya','Circuit de Barcelona-Catalunya','ES',4.66),
('Clermont Ferrand','Charade Circuit','FR',8.06),
('Dallas','Fair Park','US',3.90),
('Detroit','Detroit Street Circuit','US', 2.74),
('Dijon','Dijon-Prenois','FR',3.80),
('Donington','Donington Park','UK',4.02),
('East London','Prince George Circuit','ZA',3.92),
('Estoril','Autódromo do Estoril','PT',4.18),
('Fuji','Fuji Speedway','JP',4.56),
('Hockenheimring','Hockenheimring','DE',4.57),
('Hungaroring','Hungaroring','HU',4.38),
('Imola','Autodromo Internazionale Enzo e Dino Ferrari','IT',4.91),
('Indianapolis','Indianapolis Motor Speedway','US',4.19),
('Interlagos','Autódromo José Carlos Pace','BR',4.31),
('Istanbul','Istanbul Park','TR',5.34),
('Jacarepagua','Autódromo Internacional Nelson Piquet','BR',5.48),
('Jarama','Circuito del Jarama','ES',3.85),
('Jeddah','Jeddah Street Circuit','SA',6.17),
('Jerez','Circuito de Jerez','ES',4.43),
('Kyalami','Kyalami Racing Circuit','ZA',4.53),
('Long Beach','Long Beach','US',3.17),
('Losail','Losail International Circuit','QA',5.38),
('Magny-Cours','Circuit de Nevers Magny-Cours','FR',4.41),
('Marina Bay','Marina Bay Street Circuit','SG',4.93),
('Melbourne','Melbourne Grand Prix Circuit','AU',5.30),
('Mexico City','Autódromo Hermanos Rodríguez','MX',4.30),
('Miami','Miami International Autodrome','US',5.41),
('Monaco','Circuit de Monaco','MC',3.34),
('Monsanto','Circuito de Monsanto','PT',5.44),
('Mont-Tremblant','Circuit Mont-Tremblant','CA',4.26),
('Montjuïc','Circuito de Montjuïc','ES',3.79),
('Montreal','Circuit Gilles Villeneuve','CA',4.36),
('Monza','Autodromo Nazionale Monza','IT',5.79),
('Mosport','Canadian Tire Motorsport Park','CA',3.96),
('Mugello','Autodromo Internazionale del Mugello','IT',5.25),
('Nivelles-Baulers','Nivelles-Baulers','BE',3.72),
('Nürburgring','Nürburgring','DE',5.10),
('Paul Ricard','Circuit Paul Ricard','FR',5.84),
('Pedralbes','Pedralbes Circuit','ES',6.33),
('Pescara','Pescara Circuit','IT',25.58),
('Phoenix','Phoenix Street Circuit','US',3.72),
('Portimão','Algarve International Circuit','PT',4.35),
('Porto','Circuito da Boavista','PT',7.40),
('Reims-Gueux','Reims-Gueux','FR',7.82),
('Riverside','Riverside International Raceway','US',5.27),
('Rouen-Les-Essarts',' Rouen-Les-Essarts','FR',6.54),
('Sakhiir','Bahrain International Circuit alternative','BH',3.54),
('Sebring','Sebring International Raceway','US',6.02),
('Sepang','Sepang International Circuit','MY',5.54),
('Shanghai','Shanghai International Circuit','CN',5.45),
('Silverstone','Silverstone Circuit','UK',5.89),
('Sochi','Sochi Autodrom','RU',5.85),
('Spa-Francorchamps','Circuit de Spa-Francorchamps','BE',7.00),
('Spielberg','Red Bull Ring','AT',4.32),
('Suzuka','Suzuka Circuit','JP',5.81),
('Valencia','Valencia Street Circuit','ES',5.42),
('Watkins Glen','Watkins Glen International','US',5.44),
('Yas Marina','Yas Marina Circuit','AE',5.55),
('Yeongam','Korea International Circuit','KR',5.62),
('Zandvoort','Circuit Park Zandvoort','NL',4.26),
('Zeltweg','Zeltweg','AT',4.32),
('Zolder','Circuit Zolder','BE',4.01);


INSERT INTO squadra(nome,nazione,nome_precedente) VALUES
('Adams','US',NULL),
('AFM','DE',NULL),
('AGS','FR',NULL),
('Alfa_Romeo','IT','Sauber_2'),
('Alfa_Special','ZA',NULL),
('AlphaTauri','IT','Toro_Rosso'),
('Alpine','FR','Renault_2'),
('Alta','UK',NULL),
('Amon','NZ',NULL),
('Andrea_Moda','IT','Coloni'),
('Apollon','CH',NULL),
('Arrows_1','UK',NULL),
('Arrows_2','UK','Footwork'),
('Arzani-Volpini','IT',NULL),
('Aston_Butterworth','UK',NULL),
('Aston_Martin','UK','Racing_Point'),
('ATS','DE',NULL),
('Balsa','DE',NULL),
('BAR','UK','Tyrrell'),
('Behra-Porsche','DE',NULL),
('Bellasi','IT',NULL),
('Benetton','IT','Toleman'),
('BMW Sauber','DE','Sauber_1'),
('BMW','DE',NULL),
('Boro','NL',NULL),
('Brabham','UK',NULL),
('Brawn','UK','Honda'),
('BRM','UK',NULL),
('Bromme','US',NULL),
('BRP','UK',NULL),
('Bugatti','FR',NULL),
('Caterham','MY','Lotus_Racing'),
('Christensen','US',NULL),
('Cisitalia','IT',NULL),
('Coloni','IT',NULL),
('Connaught','UK',NULL),
('Connew','UK',NULL),
('Cooper','UK',NULL),
('Dallara','IT',NULL),
('De_Tomaso','IT',NULL),
('Deidt','US',NULL),
('Del_Roy','US',NULL),
('Derrington-Francis','UK',NULL),
('Dunn','US',NULL),
('Eagle','US',NULL),
('Eifelland','DE',NULL),
('Elder','US',NULL),
('Emeryson','UK',NULL),
('EMW','DE',NULL),
('ENB','BE',NULL),
('Ensign','UK',NULL),
('Epperly','US',NULL),
('ERA','UK',NULL),
('EuroBrun','IT',NULL),
('Ewing','US',NULL),
('Ferguson','UK',NULL),
('Ferrari','IT',NULL),
('FIRST','IT',NULL),
('Fittipaldi','BR',NULL),
('Fondmetal','IT','Osella'),
('Footwork','UK','Arrows_1'),
('Force_India','IN','Spyker'),
('Forti','IT',NULL),
('Frank_Williams_Racing_Cars','UK','Iso-Marlboro'),
('Frazer-Nash','UK',NULL),
('Fry','UK',NULL),
('Gilby','UK',NULL),
('Gordini','FR',NULL),
('Greifzu','DE',NULL),
('Haas','US',NULL),
('Hall','US',NULL),
('Heck','DE',NULL),
('Hesketh','UK',NULL),
('Hill','UK',NULL),
('Honda','JP','BAR'),
('HRT','ES',NULL),
('HWM','UK',NULL),
('Iso-Marlboro','UK','Politoys'),
('Jaguar','UK','Stewart'),
('JBW','UK',NULL),
('Jordan','IE',NULL),
('Kauhsen','DE',NULL),
('Klenk','DE',NULL),
('Kojima','JP',NULL),
('Krakau','DE',NULL),
('Kurtis','US',NULL),
('Kuzma','US',NULL),
('Lancia','IT',NULL),
('Langley','US',NULL),
('Larrousse','FR',NULL),
('LDS','ZA',NULL),
('LEC','UK',NULL),
('Lesovsky','US',NULL),
('Leyton_House','UK','March_1'),
('Life','IT',NULL),
('Ligier','FR',NULL),
('Lola','UK',NULL),
('Lotus_F1','UK','Renault_1'),
('Lotus_Racing','MY',NULL),
('Lotus','UK',NULL),
('Lyncar','uk',NULL),
('Maki','jp',NULL),
('Manor','UK','Marussia'),
('March_1','UK',NULL),
('March_2','UK','Leyton_House'),
('Marchese','US',NULL),
('Martini','FR',NULL),
('Marussia','UK','Virgin'),
('Maserati','IT',NULL),
('Matra','FR',NULL),
('McGuire','AU',NULL),
('McLaren','UK',NULL),
('Mercedes','DE','Brawn'),
('Merzario','IT',NULL),
('Meskowski','US',NULL),
('Midland','RU','Jordan'),
('Minardi','IT',NULL),
('Modena','IT',NULL),
('Moore','US',NULL),
('Nacke','DE',NULL),
('Nichels','US',NULL),
('Olson','US',NULL),
('Onyx','UK',NULL),
('O.S.C.A.','IT',NULL),
('Osella','IT',NULL),
('Pacific','UK',NULL),
('Pankratz','US',NULL),
('Parnelli','US',NULL),
('Pawl','US',NULL),
('Penske','US',NULL),
('Phillips','US',NULL),
('Politoys','UK',NULL),
('Porsche','DE',NULL),
('Prost','FR','Ligier'),
('Protos','UK',NULL),
('Racing_Point','UK','Force_India'),
('Rae','US',NULL),
('RAM','UK',NULL),
('Rebaque','MX',NULL),
('Red_Bull','AT','Jaguar'),
('Renault','FR','Benetton'),
('Rial','DE',NULL),
('Sauber_1','CH',NULL),
('Sauber_2','CH','BMW Sauber'),
('Scarab','US',NULL),
('Schroeder','US',NULL),
('Scirocco','UK',NULL),
('Shadow','UK',NULL),
('Shannon','UK',NULL),
('Sherman','US',NULL),
('Simca-Gordini','FR',NULL),
('Simtek','UK',NULL),
('Snowberger','UK',NULL),
('Spirit','UK',NULL),
('Spyker','NL','Midland'),
('Stebro','CA',NULL),
('Stevens','US',NULL),
('Stewart','UK',NULL),
('Super_Aguri','JP',NULL),
('Surtees','UK',NULL),
('Sutton','US',NULL),
('Talbot-Lago','FR',NULL),
('Tec-Mec','US',NULL),
('Tecno','IT',NULL),
('Theodore','HK',NULL),
('Token','UK',NULL),
('Toleman','UK',NULL),
('Toro_Rosso','IT','Minardi'),
('Toyota','JP',NULL),
('Trevis','US',NULL),
('Trojan','UK',NULL),
('Turner','US',NULL),
('Tyrrell','UK',NULL),
('Vanwall','UK',NULL),
('Venturi','FR',NULL),
('Veritas','DE',NULL),
('Virgin','UK',NULL),
('Watson','US',NULL),
('Wetteroth','US',NULL),
('Williams','UK',NULL),
('Wolf-Williams','UK','Frank_Williams_Racing_Cars'),
('Wolf','CA','Wolf-Williams'),
('Zakspeed','DE',NULL);


/*dal 2014 ogni pilota è associato anche ad un numero, prima 
non lo avevano, i piloti che hanno corso prima avranno NULL nel 
campo numero in gara nelle altre tabelle*/

INSERT INTO pilota(codice_fiscale,nome,cognome,sesso,nazionalita,anno_nascita,anno_morte,sigla_in_gara) VALUES
('LEHAMU85','Lewis','Hamilton'          ,'M','UK',1985,NULL,'HAM'),
('GERUMU98','George','Russell'          ,'M','UK',1998,NULL,'RUS'),
('MAVEMN97','Max','Verstappen'          ,'M','NT',1997,NULL,'VER'),
('SEPEMM90','Sergio','Pérez'            ,'M','MX',1990,NULL,'PER'),
('CASAME94','Carlos','Sainz Jr.'        ,'M','ES',1994,NULL,'SAI'),
('CHLEMM97','Charles','Leclerc'         ,'M','MC',1997,NULL,'LEC'),
('LANOMU99','Lando','Norris'            ,'M','UK',1999,NULL,'NOR'),
('DARIMA89','Daniel','Ricciardo'        ,'M','AU',1989,NULL,'RIC'),
('FEALME81','Fernando','Alonso'         ,'M','ES',1981,NULL,'ALO'),
('ESOCMF96','Esteban','Ocon'            ,'M','FR',1996,NULL,'OCO'),
('PIGAMF96','Pierre','Gasly'            ,'M','FR',1996,NULL,'GAS'),
('YUTSMJ00','Yuki','Tsunoda'            ,'M','JP',2000,NULL,'TSU'),
('SEVEMD87','Sebastian','Vettel'        ,'M','DE',1987,NULL,'VET'),
('LASTMC98','Lance','Stroll'            ,'M','CA',1998,NULL,'STR'),
('NILAMC95','Nicholas','Latifi'         ,'M','CA',1995,NULL,'LAT'),
('ALALMT96','Alexander','Albon'         ,'M','TH',1996,NULL,'ALB'),
('GUZHMC99','Guanyu','Zhou'             ,'M','CN',1999,NULL,'ZHO'),
('VABOMF89','Valtteri','Bottas'         ,'M','FI',1989,NULL,'BOT'),
('KEMAMD92','Kevin','Magnussen'         ,'M','DK',1992,NULL,'MAG'),
('MISCMD99','Mick','Schumacher'         ,'M','DE',1999,NULL,'MSC'),

('KIRAMF79','Kimi','Räikkönen'          ,'M','FI',1979,NULL,'RAI'),
('ANGIMI93','Antonio','Giovinazzi'      ,'M','IT',1993,NULL,'GIO'),
('NIMAMR99','Nikita','Mazepin'          ,'M','RU',1999,NULL,'MAZ'),
('DAKVMR94','Daniil','Kvyat'            ,'M','RU',1994,NULL,'KVY'),
('NIHUMD87','Nico','Hulkenberg'         ,'M','DE',1987,NULL,'HUL'),
('ROGRMF86','Romain','Grosjean'         ,'M','FR',1986,NULL,'GRO'),
('ROKUMP84','Robert','Kubica'           ,'M','PL',1984,NULL,'KUB'),
('SESIMR95','Sergey','Sirotkin'         ,'M','RU',1995,NULL,'SIR'),
('BRHAMA89','Brendon','Hartley'         ,'M','AU',1989,NULL,'HAR'),
('STVAMB92','Stoffel','Vandoorne'       ,'M','BE',1992,NULL,'VAN'),
('MAERMS90','Marcus','Ericsson'         ,'M','SW',1990,NULL,'ERI'),
('FEMAMB81','Felipe','Massa'            ,'M','BR',1981,NULL,'MAS'),
('JOPAMU91','Jolyon','Palmer'           ,'M','UK',1991,NULL,'PAL'),
('PAWEMD94','Pascal','Wehrlein'         ,'M','DE',1994,NULL,'WEH'),
('ESGUMM91','Esteban','Gutierrez'       ,'M','MX',1991,NULL,'GUT'),
('RIHAMI93','Rio','Haryanto'            ,'M','ID',1993,NULL,'HAR'),
('JEBUMU80','Jenson','Button'           ,'M','UK',1980,NULL,'BUT'),
('FENAMB92','Felipe','Nasr'             ,'M','BR',1992,NULL,'NAS'),
('NIROMD85','Nico','Rosberg'            ,'M','DE',1985,NULL,'ROS'),
('ROMEME91','Roberto','Merhi'           ,'M','ES',1991,NULL,'MER'),
('WISTMU91','Will','Stevens'            ,'M','UK',1991,NULL,'STE'),
('PAMAMV85','Pastor','Maldonado'        ,'M','VE',1985,NULL,'MAL'), /*2015*/
('ALROMU91','Alexander','Rossi'         ,'M','US',1991,NULL,'RSI'),
('JEVEMF90','Jean-Eric','Vergne'        ,'M','FR',1990,NULL,'VER'),
('JUBIMF89','Jules','Bianchi'           ,'M','FR',1989,2015,'BIA'),
('ADSUMD83','Adrian','Sutil'            ,'M','DE',1983,NULL,'SUT'),
('MACHMU91','Max','Chilton'             ,'M','UK',1991,NULL,'CHI'),
('KAKOMJ86','Kamui','Kobayashi'         ,'M','JP',1986,NULL,'KOB'),
('MAWEMA76','Mark','Webber'             ,'M','AU',1976,NULL,'WEB'),
('PADIMU86','Paul','Di Resta'           ,'M','UK',1986,NULL,'DIR'),
('CHPIMF90','Charles','Pic'             ,'M','FR',1990,NULL,'PIC'),
('HEKOMF81','Heikki','Kovalainen'       ,'M','FI',1981,NULL,'KOV'),
('GIVAMN85','Giedo','Van der Garde'     ,'M','NL',1985,NULL,'VDG'),
('BRSEMB83','Bruno','Senna'             ,'M','BR',1983,NULL,'SEN'),
('VIPEMR84','Vitaly','Petrov'           ,'M','RU',1984,NULL,'PET'),
('TIGLMD82','Timo','Glock'              ,'M','DE',1982,NULL,'GLO'),
('JEDAMB85','Jérôme','Dambrosio'        ,'M','BE',1985,NULL,'DAM'),
('NAKAMI77','Narain','Karthikeyan'      ,'M','IN',1977,NULL,'KAR'),
('PEDEME71','Pedro','De la Rosa'        ,'M','ES',1971,NULL,'DLR'),
('MISCMD69','Michael','Schumacher'      ,'M','DE',1969,NULL,'MSC'),
('NIHEMD77','Nick','Heidfeld'           ,'M','DE',1977,NULL,'HEI'),
('JAALME90','Jaime','Alguersuari'       ,'M','ES',1990,NULL,'ALG'),
('SEBUMC88','Sébastien','Buemi'         ,'M','CH',1988,NULL,'BUE'),
('RUBAMB72','Rubens','Barrichello'      ,'M','BR',1972,NULL,'BAR'),
('JATRMI74','Jarno','Trulli'            ,'M','IT',1974,NULL,'TRU'),
('VILIMI80','Vitantonio','Liuzzi'       ,'M','IT',1980,NULL,'LIU'),
('KACHMI84','Karun','Chandhok'          ,'M','IN',1984,NULL,'CHD'),
('LUDIMB84','Lucas','Di Grassi'         ,'M','BR',1984,NULL,'DIG'),
('NAYAMJ88','Naoki','Yamamoto'          ,'M','JP',1988,NULL,'YAM'),
('CHKLMA83','Christian','Klien'         ,'M','AT',1983,NULL,'KLI'),
('SEBOMF79','Sébastien','Bourdais'      ,'M','FR',1979,NULL,'BOU'),
('KANAMJ85','Kazuki','Nakajima'         ,'M','JP',1985,NULL,'NAK'),
('NEPIMB85','Nelson','Piquet Jr.'       ,'M','BR',1985,NULL,'PIQ'),
('LUBAMI71','Luca','Badoer'             ,'M','IT',1971,NULL,'BAD'),
('DACOMU71','David','Coulthard'         ,'M','UK',1971,NULL,'COU'),
('GIFIMI73','Giancarlo','Fisichella'    ,'M','IT',1973,NULL,'FIS'),
('TASAMJ77','Takuma','Sato'             ,'M','JP',1977,NULL,'SAT'),
('ANDAMU79','Anthony','Davidson'        ,'M','UK',1979,NULL,'DAV'),
('ALWUMA74','Alexander','Wurz'          ,'M','AT',1974,NULL,'WUR'),
('RASCMD75','Ralf','Schumacher'         ,'M','DE',1975,NULL,'RSC'),
('SCSPMU83','Scott','Speed'             ,'M','US',1983,NULL,'SPE'),
('SAYAMJ82','Sakon','Yamamoto'          ,'M','JP',1982,NULL,'YAM'),
('CHALMN79','Christijan','Albers'       ,'M','NL',1979,NULL,'ALB'),
('JUPAMC75','Juan Pablo','Montoya'      ,'M','CO',1975,NULL,'MOY'),
('JAVIMC71','Jacques','Villeneuve'      ,'M','CA',1971,NULL,'VIL'),
('TIMOMP76','Tiago','Monteiro'          ,'M','PT',1976,NULL,'MON'),
('RODOMN81','Robert','Doornbos'         ,'M','NL',1981,NULL,'DOO'),
('YUIDMJ75','Yuji','Ide'                ,'M','JP',1975,NULL,'IDE'),
('FRMOMF78','Franck','Montagny'         ,'M','FR',1978,NULL,'MON'),
('PAFRMA80','Patrick','Friesacher'      ,'M','AT',1980,NULL,'FRI'),
('ANPIMB80','Antônio','Pizzonia'        ,'M','BR',1980,NULL,'PIZ'),
('OLPAMF66','Olivier','Panis'           ,'M','FR',1966,NULL,'PAN'),
('CRDAMB73','Cristiano','Da Matta'      ,'M','BR',1973,NULL,'DAM'),
('ZSBAMH81','Zsolt','Baumgartner'       ,'M','HU',1981,NULL,'BAU'),
('RIZOMB76','Ricardo','Zonta'           ,'M','BR',1976,NULL,'ZON'),
('MAGEME74','Marc','Gené'               ,'M','ES',1974,NULL,'GEN'),
('GIPAMI79','Giorgio','Pantano'         ,'M','IT',1979,NULL,'PAN'),
('GIBRMI81','Gianmaria','Bruni'         ,'M','IT',1981,NULL,'BRU'), /*2004*/



('MADEFI26','Maria Teresa','De Filippis','F','IT',1926,2016,'DEF'),/*donne*/
('LELOFI41','Lella','Lombardi'          ,'F','IT',1941,1992,'LOM'),
('DIGAFU44','Divina','Galica'           ,'F','UK',1944,NULL,'GAL'),
('DEWIFZ53','Desiré','Wilson'           ,'F','ZA',1953,NULL,'WIL'),
('GIAMFI59','Giovanna','Amati'          ,'F','IT',1959,NULL,'AMA'),

('AYSEMB60','Ayrton','Senna'            ,'M','BR',1960,1994,'SEN'),/*migliori morti*/
('NILAMA49','Niki','Lauda'              ,'M','AT',1949,2019,'LAU'),
('RORAMA60','Roland','Ratzenberger'     ,'M','AT',1960,1994,'RAT'),
('NIFAMI06','Nino','Farina'             ,'M','IT',1906,1966,'FAR');


INSERT INTO motore(nome,nazione,cilindrata,tipologia) VALUES
('Red Bull RBPTH001','JP',1.6,'V6 turbo'),

('Ferrari Tipo 066/7','IT',1.6,'V6 turbo'),
('Ferrari Tipo 065/6','IT',1.6,'V6 turbo'),
('Ferrari Tipo 065','IT',1.6,'V6 turbo'),
('Ferrari Tipo 064','IT',1.6,'V6 turbo'),
('Ferrari Tipo 063','IT',1.6,'V6 turbo'),
('Ferrari Tipo 062','IT',1.6,'V6 turbo'),
('Ferrari Tipo 061','IT',1.6,'V6 turbo'),
('Ferrari Tipo 060','IT',1.6,'V6 turbo'),
('Ferrari Tipo 059/3','IT',1.6,'V6 turbo'),
('Ferrari Tipo 056','IT',2.4,'V8'),
('Ferrari Tipo 054/5','IT',3.0,'V10'),
('Ferrari Tipo 053','IT',3.0,'V10'),/*2004*/

('Mercedes-AMG F1 M13 E Performance','DE',1.6,'V6 turbo'),
('Mercedes-AMG F1 M12 E Performance','DE',1.6,'V6 turbo'),
('Mercedes-AMG F1 M11 EQ Performance','DE',1.6,'V6 turbo'),
('Mercedes-AMG F1 M10 EQ Power+','DE',1.6,'V6 turbo'),
('Mercedes-AMG F1 M09 EQ Power+','DE',1.6,'V6 turbo'),
('Mercedes-AMG F1 M08 EQ Power+','DE',1.6,'V6 turbo'),
('Mercedes-Benz PU 106C Hybrid','DE',1.6,'V6 turbo'),
('Mercedes-Benz PU 106B Hybrid','DE',1.6,'V6 turbo'),
('Mercedes-Benz PU 106A Hybrid','DE',1.6,'V6 turbo'),
('Mercedes-Benz FO 108F','DE',2.4,'V8'),
('Mercedes-Benz FO 108Z','DE',2.4,'V8'),
('Mercedes-Benz FO 108Y','DE',2.4,'V8'),
('Mercedes-Benz FO 108X','DE',2.4,'V8'),
('Mercedes-Benz FO 108W','DE',2.4,'V8'),
('Mercedes-Benz FO 108V','DE',2.4,'V8'),
('Mercedes-Benz FO 108T','DE',2.4,'V8'),
('Mercedes-Benz FO 108S','DE',2.4,'V8'),
('Mercedes-Benz FO 108R','DE',3.0,'V10'),
('Mercedes-Benz FO 108Q','DE',3.0,'V10'),/*2004*/

('Renault E-Tech RE22','FR',1.6,'V6 turbo'),
('Renault E-Tech 21','FR',1.6,'V6 turbo'),
('Renault E-TECH 20','FR',1.6,'V6 turbo'),
('Renault E-TECH 19','FR',1.6,'V6 turbo'),
('Renault R.E.18','FR',1.6,'V6 turbo'),
('Renault R.E.17','FR',1.6,'V6 turbo'),
('Renault R.E.16','FR',1.6,'V6 turbo'),
('Renault Energy F1 2015','FR',1.6,'V6 turbo'),
('Renault Energy F1 2014','FR',1.6,'V6 turbo'),
('Renault RS27','FR',2.4,'V8'),
('Renault RS26','FR',2.4,'V8'),
('Renault RS25','FR',3.0,'V10'),
('Renault RS24','FR',3.0,'V10'),/*2004*/


('Honda RA621H','JP',1.6,'V6 turbo'),
('Honda RA620H','JP',1.6,'V6 turbo'),
('Honda RA619H','JP',1.6,'V6 turbo'),
('Honda RA618H','JP',1.6,'V6 turbo'),
('Honda RA617H','JP',1.6,'V6 turbo'),
('Honda RA616H','JP',1.6,'V6 turbo'),
('Honda RA615H','JP',1.6,'V6 turbo'),
('Honda RA808E','JP',2.4,'V8'),
('Honda RA807E','JP',2.4,'V8'),
('Honda RA806E','JP',2.4,'V8'),
('Honda RA005E','JP',3.0,'V10'),
('Honda RA004E','JP',3.0,'V10'),/*2004*/

('TAG Heuer R.E.18','FR',1.6,'V6 turbo'),
('TAG Heuer R.E.17','FR',1.6,'V6 turbo'),
('TAG Heuer R.E.16','FR',1.6,'V6 turbo'),

('BMW P86/9','DE',2.4,'V8'),
('BMW P86/8','DE',2.4,'V8'),
('BMW P86/7','DE',2.4,'V8'),
('BMW P86','DE',2.4,'V8'),
('BMW P84/5','DE',3.0,'V10'),
('BMW P84','DE',3.0,'V10'),

('Cosworth CA2013','US',2.4,'V8'),
('Cosworth CA2012','US',2.4,'V8'),
('Cosworth CA2011','US',2.4,'V8'),
('Cosworth CA2010','US',2.4,'V8'),
('Cosworth CA2006','US',2.4,'V8'),
('Cosworth TJ2006','US',3.0,'V10'),
('Cosworth TJ2005','US',3.0,'V10'),
('Cosworth CR-6','US',3.0,'V10'),

('European V10','US',3.0,'V10'),

('Ford RS2','US',3.0,'V10'),

('Petronas 05A','IT',3.0,'V10'),
('Petronas 04A','IT',3.0,'V10'),

('Toyota RVX-09','JP',2.4,'V8'),
('Toyota RVX-08','JP',2.4,'V8'),
('Toyota RVX-07','JP',2.4,'V8'),
('Toyota RVX-06','JP',2.4,'V8'),
('Toyota RVX-05','JP',3.0,'V10'),
('Toyota RVX-04','JP',3.0,'V10');


INSERT INTO pneumatico(nome,nazione) VALUES
('Pirelli','IT'),

('Englebert', 'BE'),

('Dunlop', 'UK'),

('Firestone', 'US'),

('Continental', 'DE'),

('Avon', 'UK'),

('Goodyear', 'US'),

('Bridgestone', 'JP'),

('Michelin', 'FR');


INSERT INTO autovettura(anno,nome,squadra,motore,pneumatico) VALUES
(2022,'Alfa Romeo C42','Alfa_Romeo','Ferrari Tipo 066/7','Pirelli'),
(2022,'AlphaTauri AT03','AlphaTauri','Red Bull RBPTH001','Pirelli'),
(2022,'Alpine A522','Alpine','Renault E-Tech RE22','Pirelli'),
(2022,'Aston Martin AMR22','Aston_Martin','Mercedes-AMG F1 M13 E Performance','Pirelli'),
(2022,'Ferrari F1-75','Ferrari','Ferrari Tipo 066/7','Pirelli'),
(2022,'Haas VF-22','Haas','Ferrari Tipo 066/7','Pirelli'),
(2022,'McLaren MCL36','McLaren','Mercedes-AMG F1 M13 E Performance','Pirelli'),
(2022,'Mercedes-AMG F1 W13 E Performance','Mercedes','Mercedes-AMG F1 M13 E Performance','Pirelli'),
(2022,'Red Bull RB18','Red_Bull','Red Bull RBPTH001','Pirelli'), 
(2022,'Williams FW44','Williams','Mercedes-AMG F1 M13 E Performance','Pirelli'),

(2021,'Alfa Romeo Racing C41','Alfa_Romeo','Ferrari Tipo 065/6','Pirelli'),
(2021,'AlphaTauri AT02','AlphaTauri','Honda RA621H','Pirelli'),
(2021,'Alpine A521','Alpine','Renault E-Tech 21','Pirelli'),
(2021,'Aston Martin AMR21','Aston_Martin','Mercedes-AMG F1 M12 E Performance','Pirelli'),
(2021,'Ferrari SF21','Ferrari','Ferrari Tipo 065/6','Pirelli'),
(2021,'Haas VF-21','Haas','Ferrari Tipo 065/6','Pirelli'),
(2021,'McLaren MCL35M','McLaren','Mercedes-AMG F1 M12 E Performance','Pirelli'),
(2021,'Mercedes-AMG F1 W12 E Performance','Mercedes','Mercedes-AMG F1 M12 E Performance','Pirelli'),
(2021,'Red Bull RB16B','Red_Bull','Honda RA621H','Pirelli'),
(2021,'Williams FW43B','Williams','Mercedes-AMG F1 M12 E Performance','Pirelli'),

(2020,'Alfa Romeo Racing C39','Alfa_Romeo','Ferrari Tipo 065','Pirelli'),
(2020,'AlphaTauri AT01','AlphaTauri','Honda RA620H','Pirelli'),
(2020,'Ferrari SF1000','Ferrari','Ferrari Tipo 065','Pirelli'),
(2020,'Haas VF-20','Haas','Ferrari Tipo 065','Pirelli'),
(2020,'McLaren MCL35','McLaren','Renault E-TECH 20','Pirelli'),
(2020,'Mercedes-AMG F1 W11 EQ Performance','Mercedes','Mercedes-AMG F1 M11 EQ Performance','Pirelli'),
(2020,'Racing Point RP20','Racing_Point','Mercedes-AMG F1 M11 EQ Performance','Pirelli'),
(2020,'Red Bull RB16','Red_Bull','Honda RA620H','Pirelli'),
(2020,'Renault R.S.20','Renault','Renault E-TECH 20','Pirelli'),
(2020,'Williams FW43','Williams','Mercedes-AMG F1 M11 EQ Performance','Pirelli'),

(2019,'Alfa Romeo Racing C38','Alfa_Romeo','Ferrari Tipo 064','Pirelli'),
(2019,'Ferrari SF90','Ferrari','Ferrari Tipo 064','Pirelli'),
(2019,'Haas VF-19','Haas','Ferrari Tipo 064','Pirelli'),
(2019,'McLaren MCL34','McLaren','Renault E-TECH 19','Pirelli'),
(2019,'Mercedes AMG F1 W10 EQ Power+','Mercedes','Mercedes-AMG F1 M10 EQ Power+','Pirelli'),
(2019,'Racing Point RP19','Racing_Point','Mercedes-AMG F1 M10 EQ Power+','Pirelli'),
(2019,'Red Bull RB15','Red_Bull','Honda RA619H','Pirelli'),
(2019,'Renault R.S.19','Renault','Renault E-TECH 19','Pirelli'),
(2019,'Toro Rosso STR14','Toro_Rosso','Honda RA619H','Pirelli'),
(2019,'Williams FW42','Williams','Mercedes-AMG F1 M10 EQ Power+','Pirelli'),

(2018,'Ferrari SF71H','Ferrari','Ferrari Tipo 063','Pirelli'),
(2018,'Force India VJM11','Force_India','Mercedes-AMG F1 M09 EQ Power+','Pirelli'),
(2018,'Haas VF-18','Haas','Ferrari Tipo 063','Pirelli'),
(2018,'McLaren MCL33','McLaren','Renault R.E.18','Pirelli'),
(2018,'Mercedes AMG F1 W09 EQ Power+','Mercedes','Mercedes-AMG F1 M09 EQ Power+','Pirelli'),
(2018,'Red Bull RB14','Red_Bull','TAG Heuer R.E.18','Pirelli'),
(2018,'Renault R.S.18','Renault','Renault R.E.18','Pirelli'),
(2018,'Sauber C37','Sauber_2','Ferrari Tipo 063','Pirelli'),
(2018,'Toro Rosso STR13','Toro_Rosso','Honda RA618H','Pirelli'),
(2018,'Williams FW41','Williams','Mercedes-AMG F1 M09 EQ Power+','Pirelli'),

(2017,'Ferrari SF70H','Ferrari','Ferrari Tipo 062','Pirelli'),
(2017,'Force India VJM10','Force_India','Mercedes-AMG F1 M08 EQ Power+','Pirelli'),
(2017,'Haas VF-17','Haas','Ferrari Tipo 062','Pirelli'),
(2017,'McLaren MCL32','McLaren','Honda RA617H','Pirelli'),
(2017,'Mercedes AMG F1 W08 EQ Power+','Mercedes','Mercedes-AMG F1 M08 EQ Power+','Pirelli'),
(2017,'Red Bull RB13','Red_Bull','TAG Heuer R.E.17','Pirelli'),
(2017,'Renault R.S.17','Renault','Renault R.E.17','Pirelli'),
(2017,'Sauber C36','Sauber_2','Ferrari Tipo 062','Pirelli'),
(2017,'Toro Rosso STR12','Toro_Rosso','Renault R.E.17','Pirelli'),
(2017,'Williams FW40','Williams','Mercedes-AMG F1 M08 EQ Power+','Pirelli'),

(2016,'Ferrari SF16-H','Ferrari','Ferrari Tipo 061','Pirelli'),
(2016,'Force India VJM09','Force_India','Mercedes-Benz PU 106C Hybrid','Pirelli'),
(2016,'Haas VF-16','Haas','Ferrari Tipo 061','Pirelli'),
(2016,'Manor MRT05','Manor','Mercedes-Benz PU 106C Hybrid','Pirelli'),
(2016,'McLaren MP4-31','McLaren','Honda RA616H','Pirelli'),
(2016,'Mercedes F1 W07 Hybrid','Mercedes','Mercedes-Benz PU 106C Hybrid','Pirelli'),
(2016,'Red Bull RB12','Red_Bull','TAG Heuer R.E.17','Pirelli'),
(2016,'Renault R.S.16','Renault','Renault R.E.16','Pirelli'),
(2016,'Sauber C35','Sauber_2','Ferrari Tipo 061','Pirelli'),
(2016,'Toro Rosso STR11','Toro_Rosso','Ferrari Tipo 061','Pirelli'),
(2016,'Williams FW38','Williams','Mercedes-Benz PU 106C Hybrid','Pirelli'),

(2015,'Ferrari SF15-T','Ferrari','Ferrari Tipo 060','Pirelli'),
(2015,'Force India VJM08','Force_India','Mercedes-Benz PU 106A Hybrid','Pirelli'),
(2015,'Lotus E23 Hybrid','Lotus','Mercedes-Benz PU 106A Hybrid','Pirelli'),
(2015,'Marussia MR03B','Marussia','Ferrari Tipo 059/3','Pirelli'),
(2015,'McLaren MP4-30','McLaren','Honda RA615H','Pirelli'),
(2015,'Mercedes F1 W06 Hybrid','Mercedes','Mercedes-Benz PU 106B Hybrid','Pirelli'),
(2015,'Red Bull RB11','Red_Bull','Renault Energy F1 2015','Pirelli'),
(2015,'Sauber C34','Sauber_2','Ferrari Tipo 060','Pirelli'),
(2015,'Toro Rosso STR10','Toro_Rosso','Renault Energy F1 2015','Pirelli'),
(2015,'Williams FW37','Williams','Mercedes-Benz PU 106A Hybrid','Pirelli'),

(2014,'Caterham CT05','Caterham','Renault Energy F1 2014','Pirelli'),
(2014,'Ferrari F14 T','Ferrari','Ferrari Tipo 059/3','Pirelli'),
(2014,'Force India VJM07','Force_India','Mercedes-Benz PU 106A Hybrid','Pirelli'),
(2014,'Lotus E22','Lotus','Renault Energy F1 2014','Pirelli'),
(2014,'Marussia MR03','Marussia','Ferrari Tipo 059/3','Pirelli'),
(2014,'McLaren MP4-29','McLaren','Mercedes-Benz PU 106A Hybrid','Pirelli'),
(2014,'Mercedes F1 W05 Hybrid','Mercedes','Mercedes-Benz PU 106A Hybrid','Pirelli'),
(2014,'Red Bull RB10','Red_Bull','Renault Energy F1 2014','Pirelli'),
(2014,'Sauber C33','Sauber_2','Ferrari Tipo 059/3','Pirelli'),
(2014,'Toro Rosso STR9','Toro_Rosso','Renault Energy F1 2014','Pirelli'),
(2014,'Williams FW36','Williams','Mercedes-Benz PU 106A Hybrid','Pirelli'),

(2013,'Caterham CT03','Caterham','Renault RS27','Pirelli'),
(2013,'Ferrari F138','Ferrari','Ferrari Tipo 056','Pirelli'),
(2013,'Force India VJM06','Force_India','Mercedes-Benz FO 108Z','Pirelli'),
(2013,'Lotus E21','Lotus','Renault RS27','Pirelli'),
(2013,'Marussia MR02','Marussia','Cosworth CA2013','Pirelli'),
(2013,'McLaren MP4-28','McLaren','Mercedes-Benz FO 108Z','Pirelli'),
(2013,'Mercedes F1 W04','Mercedes','Mercedes-Benz FO 108F','Pirelli'),
(2013,'Red Bull RB9','Red_Bull','Renault RS27','Pirelli'),
(2013,'Sauber C32','Sauber_2','Ferrari Tipo 056','Pirelli'),
(2013,'Toro Rosso STR8','Toro_Rosso','Ferrari Tipo 056','Pirelli'),
(2013,'Williams FW35','Williams','Renault RS27','Pirelli'),

(2012,'Caterham CT01','Caterham','Renault RS27','Pirelli'),
(2012,'Ferrari F2012','Ferrari','Ferrari Tipo 056','Pirelli'),
(2012,'Force India VJM05','Force_India','Mercedes-Benz FO 108Z','Pirelli'),
(2012,'HRT F112','HRT','Cosworth CA2010','Pirelli'),
(2012,'Lotus E20','Lotus','Renault RS27','Pirelli'),
(2012,'Marussia MR01','Marussia','Cosworth CA2011','Pirelli'),
(2012,'McLaren MP4-27','McLaren','Mercedes-Benz FO 108Z','Pirelli'),
(2012,'Mercedes F1 W03','Mercedes','Mercedes-Benz FO 108Z','Pirelli'),
(2012,'Red Bull RB8','Red_Bull','Renault RS27','Pirelli'),
(2012,'Sauber C31','Sauber_2','Ferrari Tipo 056','Pirelli'),
(2012,'Toro Rosso STR7','Toro_Rosso','Ferrari Tipo 056','Pirelli'),
(2012,'Williams FW34','Williams','Renault RS27','Pirelli'),

(2011,'Ferrari 150 Italia','Ferrari','Ferrari Tipo 056','Pirelli'),
(2011,'Force India VJM04','Force_India','Mercedes-Benz FO 108Y','Pirelli'),
(2011,'Hispania F111','HRT','Cosworth CA2011','Pirelli'),
(2011,'Lotus T128','Lotus','Renault RS27','Pirelli'),
(2011,'McLaren MP4-26','McLaren','Mercedes-Benz FO 108Y','Pirelli'),
(2011,'Mercedes MGP W02','Mercedes','Mercedes-Benz FO 108Y','Pirelli'),
(2011,'Red Bull RB7','Red_Bull','Renault RS27','Pirelli'),
(2011,'Renault R31','Renault','Renault RS27','Pirelli'),
(2011,'Sauber C30','Sauber_2','Ferrari Tipo 056','Pirelli'),
(2011,'Toro Rosso STR6','Toro_Rosso','Ferrari Tipo 056','Pirelli'),
(2011,'Virgin MVR-02','Marussia','Cosworth CA2011','Pirelli'),
(2011,'Williams FW33','Williams','Cosworth CA2011','Pirelli'),

(2010,'Ferrari F10','Ferrari','Ferrari Tipo 056','Bridgestone'),
(2010,'Force India VJM03','Force_India','Mercedes-Benz FO 108X','Bridgestone'),
(2010,'Hispania F110','HRT','Cosworth CA2010','Bridgestone'),
(2010,'Lotus T127','Lotus','Cosworth CA2010','Bridgestone'),
(2010,'McLaren MP4-25','McLaren','Mercedes-Benz FO 108X','Bridgestone'),
(2010,'Mercedes MGP W01','Mercedes','Mercedes-Benz FO 108X','Bridgestone'),
(2010,'Red Bull RB6','Red_Bull','Renault RS27','Bridgestone'),
(2010,'Renault R30','Renault','Renault RS27','Bridgestone'),
(2010,'Sauber C29','Sauber_2','Ferrari Tipo 056','Bridgestone'),
(2010,'Toro Rosso STR5','Toro_Rosso','Ferrari Tipo 056','Bridgestone'),
(2010,'Virgin VR-01','Virgin','Cosworth CA2010','Bridgestone'),
(2010,'Williams FW32','Williams','Cosworth CA2010','Bridgestone'),

(2009,'BMW Sauber F1.09','BMW Sauber','BMW P86/9','Bridgestone'),
(2009,'Brawn BGP 001','Brawn','Mercedes-Benz FO 108W','Bridgestone'),
(2009,'Ferrari F60','Ferrari','Ferrari Tipo 056','Bridgestone'),
(2009,'Force India VJM02','Force_India','Mercedes-Benz FO 108W','Bridgestone'),
(2009,'McLaren MP4-24','McLaren','Mercedes-Benz FO 108W','Bridgestone'),
(2009,'Red Bull RB5','Red_Bull','Renault RS27','Bridgestone'),
(2009,'Renault R29','Renault','Renault RS27','Bridgestone'),
(2009,'Toro Rosso STR4','Toro_Rosso','Ferrari Tipo 056','Bridgestone'),
(2009,'Toyota TF109','Toyota','Toyota RVX-09','Bridgestone'),
(2009,'Williams FW31','Williams','Toyota RVX-09','Bridgestone'),

(2008,'BMW Sauber F1.08','BMW Sauber','BMW P86/8','Bridgestone'),
(2008,'Ferrari F2008','Ferrari','Ferrari Tipo 056','Bridgestone'),
(2008,'Force India VJM01','Force_India','Ferrari Tipo 056','Bridgestone'),
(2008,'Honda RA108','Honda','Honda RA807E','Bridgestone'),
(2008,'McLaren MP4-23','McLaren','Mercedes-Benz FO 108V','Bridgestone'),
(2008,'Red Bull RB4','Red_Bull','Renault RS27','Bridgestone'),
(2008,'Renault R28','Renault','Renault RS27','Bridgestone'),
(2008,'Toro Rosso STR3','Toro_Rosso','Ferrari Tipo 056','Bridgestone'),
(2008,'Super Aguri SA08A','Super_Aguri','Honda RA808E','Bridgestone'),
(2008,'Toyota TF108','Toyota','Toyota RVX-08','Bridgestone'),
(2008,'Williams FW30','Williams','Toyota RVX-08','Bridgestone'),

(2007,'BMW Sauber F1.07','BMW Sauber','BMW P86/7','Bridgestone'),
(2007,'Ferrari F2007','Ferrari','Ferrari Tipo 056','Bridgestone'),
(2007,'Honda RA107','Honda','Honda RA807E','Bridgestone'),
(2007,'McLaren MP4-22','McLaren','Mercedes-Benz FO 108T','Bridgestone'),
(2007,'Red Bull RB3','Red_Bull','Renault RS27','Bridgestone'),
(2007,'Renault R27','Renault','Renault RS27','Bridgestone'),
(2007,'Toro Rosso STR2','Toro_Rosso','Ferrari Tipo 056','Bridgestone'),
(2007,'Spyker F8-VII','Spyker','Ferrari Tipo 056','Bridgestone'),
(2007,'Super Aguri SA07','Super_Aguri','Honda RA807E','Bridgestone'),
(2007,'Toyota TF107','Toyota','Toyota RVX-07','Bridgestone'),
(2007,'Williams FW29','Williams','Toyota RVX-07','Bridgestone'),

(2006,'BMW Sauber F1.06','BMW Sauber','BMW P86','Michelin'),
(2006,'Ferrari 248 F1','Ferrari','Ferrari Tipo 056','Bridgestone'),
(2006,'Honda RA106','Honda','Honda RA806E','Michelin'),
(2006,'McLaren MP4-21','McLaren','Mercedes-Benz FO 108S','Michelin'),
(2006,'Midland M16','Midland','Toyota RVX-06','Bridgestone'),
(2006,'Red Bull RB2','Red_Bull','Ferrari Tipo 056','Michelin'),
(2006,'Renault R26','Renault','Renault RS26','Michelin'),
(2006,'Toro Rosso STR1','Toro_Rosso','Cosworth TJ2005','Michelin'),
(2006,'Super Aguri SA06','Super_Aguri','Honda RA806E','Bridgestone'),
(2006,'Toyota TF106','Toyota','Toyota RVX-06','Bridgestone'),
(2006,'Williams FW28','Williams','Cosworth TJ2006','Pirelli'),

(2005,'BAR 007','BAR','Honda RA005E','Michelin'),
(2005,'Ferrari F2005','Ferrari','Ferrari Tipo 054/5','Bridgestone'),
(2005,'Jordan EJ15','Jordan','Toyota RVX-05','Bridgestone'),
(2005,'McLaren MP4-20','McLaren','Mercedes-Benz FO 108R','Michelin'),
(2005,'Minardi PS05','Minardi','Cosworth TJ2005','Bridgestone'),
(2005,'Red Bull RB1','Red_Bull','Cosworth TJ2005','Michelin'),
(2005,'Renault R25','Renault','Renault RS25','Michelin'),
(2005,'Sauber C24','Sauber_1','Petronas 05A','Michelin'),
(2005,'Toyota TF105','Toyota','Toyota RVX-05','Michelin'),
(2005,'Williams FW27','Williams','BMW P84/5','Michelin'),

(2004,'BAR 006','BAR','Honda RA004E','Michelin'),
(2004,'Ferrari F2004','Ferrari','Ferrari Tipo 053','Bridgestone'),
(2004,'Jaguar R5','Jaguar','Cosworth CR-6','Michelin'),
(2004,'Jordan EJ14','Jordan','Ford RS2','Bridgestone'),
(2004,'McLaren MP4-19','McLaren','Mercedes-Benz FO 108Q','Michelin'),
(2004,'Minardi PS04B','Minardi','Cosworth CR-6','Bridgestone'),
(2004,'Renault R24','Renault','Renault RS24','Michelin'),
(2004,'Sauber C23','Sauber_1','Petronas 04A','Bridgestone'),
(2004,'Toyota TF104','Toyota','Toyota RVX-04','Michelin'),
(2004,'Williams FW26','Williams','BMW P84','Michelin');


INSERT INTO partecipante(codice_fiscale,numero_in_gara,vettura) VALUES
('LEHAMU85',  44,'Mercedes-AMG F1 W13 E Performance'),
('LEHAMU85',  44,'Mercedes-AMG F1 W12 E Performance'),
('LEHAMU85',  44,'Mercedes-AMG F1 W11 EQ Performance'),
('LEHAMU85',  44,'Mercedes AMG F1 W10 EQ Power+'),
('LEHAMU85',  44,'Mercedes AMG F1 W09 EQ Power+'),
('LEHAMU85',  44,'Mercedes AMG F1 W08 EQ Power+'),
('LEHAMU85',  44,'Mercedes F1 W07 Hybrid'),
('LEHAMU85',  44,'Mercedes F1 W06 Hybrid'),
('LEHAMU85',  44,'Mercedes F1 W05 Hybrid'),
('LEHAMU85',NULL,'Mercedes F1 W04'),
('LEHAMU85',NULL,'McLaren MP4-27'),
('LEHAMU85',NULL,'McLaren MP4-26'),
('LEHAMU85',NULL,'McLaren MP4-25'),
('LEHAMU85',NULL,'McLaren MP4-24'),
('LEHAMU85',NULL,'McLaren MP4-23'),
('LEHAMU85',NULL,'McLaren MP4-22'),

('GERUMU98',  63,'Mercedes-AMG F1 W13 E Performance'),
('GERUMU98',  63,'Williams FW43B'),
('GERUMU98',  63,'Williams FW43'),
('GERUMU98',  63,'Williams FW42'),

('MAVEMN97',   1,'Red Bull RB18'),
('MAVEMN97',  33,'Red Bull RB16B'),
('MAVEMN97',  33,'Red Bull RB16'),
('MAVEMN97',  33,'Red Bull RB15'),
('MAVEMN97',  33,'Red Bull RB14'),
('MAVEMN97',  33,'Red Bull RB13'),
('MAVEMN97',  33,'Red Bull RB12'),
('MAVEMN97',  33,'Toro Rosso STR10'),

('SEPEMM90',  11,'Red Bull RB18'),
('SEPEMM90',  11,'Red Bull RB16B'),
('SEPEMM90',  11,'Racing Point RP20'),
('SEPEMM90',  11,'Racing Point RP19'),
('SEPEMM90',  11,'Force India VJM11'),
('SEPEMM90',  11,'Force India VJM10'),
('SEPEMM90',  11,'Force India VJM09'),
('SEPEMM90',  11,'Force India VJM08'),
('SEPEMM90',  11,'Force India VJM07'),
('SEPEMM90',NULL,'McLaren MP4-28'),
('SEPEMM90',NULL,'Sauber C31'),
('SEPEMM90',NULL,'Sauber C30'),

('CASAME94',  55,'Ferrari F1-75'),
('CASAME94',  55,'Ferrari SF21'),
('CASAME94',  55,'McLaren MCL35'),
('CASAME94',  55,'McLaren MCL34'),
('CASAME94',  55,'Renault R.S.18'),
('CASAME94',  55,'Toro Rosso STR12'),
('CASAME94',  55,'Toro Rosso STR11'),
('CASAME94',  55,'Toro Rosso STR10'),

('CHLEMM97',  16,'Ferrari F1-75'),
('CHLEMM97',  16,'Ferrari SF21'),
('CHLEMM97',  16,'Ferrari SF1000'),
('CHLEMM97',  16,'Ferrari SF90'),
('CHLEMM97',  16,'Sauber C37'),

('LANOMU99',   4,'McLaren MCL36'),
('LANOMU99',   4,'McLaren MCL35M'),
('LANOMU99',   4,'McLaren MCL35'),
('LANOMU99',   4,'McLaren MCL34'),

('DARIMA89',   3,'McLaren MCL36'),
('DARIMA89',   3,'McLaren MCL35M'),
('DARIMA89',   3,'Renault R.S.20'),
('DARIMA89',   3,'Renault R.S.19'),
('DARIMA89',   3,'Red Bull RB14'),
('DARIMA89',   3,'Red Bull RB13'),
('DARIMA89',   3,'Red Bull RB12'),
('DARIMA89',   3,'Red Bull RB11'),
('DARIMA89',   3,'Red Bull RB10'),
('DARIMA89',NULL,'Toro Rosso STR8'),
('DARIMA89',NULL,'Toro Rosso STR7'),

('FEALME81',NULL,'Renault R24'),
('FEALME81',NULL,'Renault R25'),
('FEALME81',NULL,'Renault R26'),
('FEALME81',NULL,'McLaren MP4-22'),
('FEALME81',NULL,'Renault R28'),
('FEALME81',NULL,'Renault R29'),
('FEALME81',NULL,'Ferrari F10'),
('FEALME81',NULL,'Ferrari 150 Italia'),
('FEALME81',NULL,'Ferrari F2012'),
('FEALME81',NULL,'Ferrari F138'),
('FEALME81',  14,'Ferrari F14 T'),
('FEALME81',  14,'McLaren MP4-30'),
('FEALME81',  14,'McLaren MP4-31'),
('FEALME81',  14,'McLaren MCL32'),
('FEALME81',  14,'McLaren MCL33'),
('FEALME81',  14,'Alpine A521'),
('FEALME81',  14,'Alpine A522'),

('ESOCMF96',  31,'Force India VJM10'),
('ESOCMF96',  31,'Force India VJM11'),
('ESOCMF96',  31,'Renault R.S.20'),
('ESOCMF96',  31,'Alpine A521'),
('ESOCMF96',  31,'Alpine A522'),

('PIGAMF96',  10,'Toro Rosso STR13'),
('PIGAMF96',  10,'Red Bull RB15'),
('PIGAMF96',  10,'AlphaTauri AT01'),
('PIGAMF96',  10,'AlphaTauri AT02'),
('PIGAMF96',  10,'AlphaTauri AT03'),

('YUTSMJ00',  22,'AlphaTauri AT02'),
('YUTSMJ00',  22,'AlphaTauri AT03'),

('SEVEMD87',NULL,'Toro Rosso STR3'),
('SEVEMD87',NULL,'Red Bull RB5'),
('SEVEMD87',NULL,'Red Bull RB6'),
('SEVEMD87',NULL,'Red Bull RB7'),
('SEVEMD87',NULL,'Red Bull RB8'),
('SEVEMD87',NULL,'Red Bull RB9'),
('SEVEMD87',   1,'Red Bull RB10'),
('SEVEMD87',   5,'Ferrari SF15-T'),
('SEVEMD87',   5,'Ferrari SF16-H'),
('SEVEMD87',   5,'Ferrari SF70H'),
('SEVEMD87',   5,'Ferrari SF71H'),
('SEVEMD87',   5,'Ferrari SF90'),
('SEVEMD87',   5,'Ferrari SF1000'),
('SEVEMD87',   5,'Aston Martin AMR21'),
('SEVEMD87',   5,'Aston Martin AMR22'),

('LASTMC98',  18,'Williams FW40'),
('LASTMC98',  18,'Williams FW41'),
('LASTMC98',  18,'Racing Point RP19'),
('LASTMC98',  18,'Racing Point RP20'),
('LASTMC98',  18,'Aston Martin AMR21'),
('LASTMC98',  18,'Aston Martin AMR22'),

('NILAMC95',   6,'Williams FW43'),
('NILAMC95',   6,'Williams FW43B'),
('NILAMC95',   6,'Williams FW44'),

('ALALMT96',  23,'Toro Rosso STR14'),
('ALALMT96',  23,'Red Bull RB16'),
('ALALMT96',  23,'Williams FW44'),

('GUZHMC99',  24,'Alfa Romeo C42'),

('VABOMF89',NULL,'Williams FW35'),
('VABOMF89',  77,'Williams FW36'),
('VABOMF89',  77,'Williams FW37'),
('VABOMF89',  77,'Williams FW38'),
('VABOMF89',  77,'Mercedes AMG F1 W08 EQ Power+'),
('VABOMF89',  77,'Mercedes AMG F1 W09 EQ Power+'),
('VABOMF89',  77,'Mercedes AMG F1 W10 EQ Power+'),
('VABOMF89',  77,'Mercedes-AMG F1 W11 EQ Performance'),
('VABOMF89',  77,'Mercedes-AMG F1 W12 E Performance'),
('VABOMF89',  77,'Alfa Romeo C42'),

('KEMAMD92',  20,'McLaren MP4-29'),
('KEMAMD92',  20,'Renault R.S.16'),
('KEMAMD92',  20,'Haas VF-17'),
('KEMAMD92',  20,'Haas VF-18'),
('KEMAMD92',  20,'Haas VF-19'),
('KEMAMD92',  20,'Haas VF-20'),
('KEMAMD92',  20,'Haas VF-22'),

('MISCMD99',  47,'Haas VF-21'),
('MISCMD99',  47,'Haas VF-22'),

('KIRAMF79',NULL,'McLaren MP4-19'),
('KIRAMF79',NULL,'McLaren MP4-20'),
('KIRAMF79',NULL,'McLaren MP4-21'),
('KIRAMF79',NULL,'Ferrari F2007'),
('KIRAMF79',NULL,'Ferrari F2008'),
('KIRAMF79',NULL,'Ferrari F60'),
('KIRAMF79',NULL,'Lotus E20'),
('KIRAMF79',NULL,'Lotus E21'),
('KIRAMF79',   7,'Ferrari F14 T'),
('KIRAMF79',   7,'Ferrari SF15-T'),
('KIRAMF79',   7,'Ferrari SF16-H'),
('KIRAMF79',   7,'Ferrari SF70H'),
('KIRAMF79',   7,'Ferrari SF71H'),
('KIRAMF79',   7,'Alfa Romeo Racing C38'),
('KIRAMF79',   7,'Alfa Romeo Racing C39'),
('KIRAMF79',   7,'Alfa Romeo Racing C41'),

('ANGIMI93',  99,'Alfa Romeo Racing C38'),
('ANGIMI93',  99,'Alfa Romeo Racing C39'),
('ANGIMI93',  99,'Alfa Romeo Racing C41'),

('NIMAMR99',   9,'Haas VF-21'),

('DAKVMR94',  26,'Toro Rosso STR9'),
('DAKVMR94',  26,'Red Bull RB11'),
('DAKVMR94',  26,'Toro Rosso STR11'),
('DAKVMR94',  26,'Toro Rosso STR12'),
('DAKVMR94',  26,'Toro Rosso STR14'),
('DAKVMR94',  26,'AlphaTauri AT01'),

('NIHUMD87',NULL,'Williams FW32'),
('NIHUMD87',NULL,'Force India VJM05'),
('NIHUMD87',NULL,'Sauber C32'),
('NIHUMD87',  27,'Force India VJM07'),
('NIHUMD87',  27,'Force India VJM08'),
('NIHUMD87',  27,'Force India VJM09'),
('NIHUMD87',  27,'Renault R.S.17'),
('NIHUMD87',  27,'Renault R.S.18'),
('NIHUMD87',  27,'Renault R.S.19'),

('ROGRMF86',NULL,'Lotus E20'),
('ROGRMF86',NULL,'Lotus E21'),
('ROGRMF86',   8,'Lotus E22'),
('ROGRMF86',   8,'Lotus E23 Hybrid'),
('ROGRMF86',   8,'Haas VF-16'),
('ROGRMF86',   8,'Haas VF-17'),
('ROGRMF86',   8,'Haas VF-18'),
('ROGRMF86',   8,'Haas VF-19'),
('ROGRMF86',   8,'Haas VF-20'),

('ROKUMP84',NULL,'BMW Sauber F1.07'),
('ROKUMP84',NULL,'BMW Sauber F1.08'),
('ROKUMP84',NULL,'BMW Sauber F1.09'),
('ROKUMP84',NULL,'Renault R30'),
('ROKUMP84',  88,'Williams FW42'),

('SESIMR95',  35,'Williams FW41'),

('BRHAMA89',  28,'Toro Rosso STR13'),

('STVAMB92',   2,'McLaren MCL32'),
('STVAMB92',   2,'McLaren MCL33'),

('MAERMS90',   9,'Caterham CT05'),
('MAERMS90',   9,'Sauber C34'),
('MAERMS90',   9,'Sauber C35'),
('MAERMS90',   9,'Sauber C36'),
('MAERMS90',   9,'Sauber C37'),

('FEMAMB81',NULL,'Sauber C23'),
('FEMAMB81',NULL,'Sauber C24'),
('FEMAMB81',NULL,'Ferrari 248 F1'),
('FEMAMB81',NULL,'Ferrari F2007'),
('FEMAMB81',NULL,'Ferrari F2008'),
('FEMAMB81',NULL,'Ferrari F60'),
('FEMAMB81',NULL,'Ferrari F10'),
('FEMAMB81',NULL,'Ferrari 150 Italia'),
('FEMAMB81',NULL,'Ferrari F2012'),
('FEMAMB81',NULL,'Ferrari F138'),
('FEMAMB81',  19,'Williams FW36'),
('FEMAMB81',  19,'Williams FW37'),
('FEMAMB81',  19,'Williams FW38'),
('FEMAMB81',  19,'Williams FW40'),

('JOPAMU91',  30,'Renault R.S.16'),
('JOPAMU91',  30,'Renault R.S.17'),

('PAWEMD94',  94,'Manor MRT05'),
('PAWEMD94',  94,'Sauber C36'),

('ESGUMM91',NULL,'Sauber C32'),
('ESGUMM91',  21,'Sauber C33'),
('ESGUMM91',  21,'Haas VF-16'),

('JEBUMU80',NULL,'BAR 006'),
('JEBUMU80',NULL,'BAR 007'),
('JEBUMU80',NULL,'Honda RA106'),
('JEBUMU80',NULL,'Honda RA107'),
('JEBUMU80',NULL,'Honda RA108'),
('JEBUMU80',NULL,'Brawn BGP 001'),
('JEBUMU80',NULL,'McLaren MP4-25'),
('JEBUMU80',NULL,'McLaren MP4-26'),
('JEBUMU80',NULL,'McLaren MP4-27'),
('JEBUMU80',NULL,'McLaren MP4-28'),
('JEBUMU80',  22,'McLaren MP4-29'),
('JEBUMU80',  22,'McLaren MP4-30'),
('JEBUMU80',  22,'McLaren MP4-31'),

('FENAMB92',  12,'Sauber C34'),
('FENAMB92',  12,'Sauber C35'),

('NIROMD85',NULL,'Williams FW28'),
('NIROMD85',NULL,'Williams FW29'),
('NIROMD85',NULL,'Williams FW30'),
('NIROMD85',NULL,'Williams FW31'),
('NIROMD85',NULL,'Mercedes MGP W01'),
('NIROMD85',NULL,'Mercedes MGP W02'),
('NIROMD85',NULL,'Mercedes F1 W03'),
('NIROMD85',NULL,'Mercedes F1 W04'),
('NIROMD85',   6,'Mercedes F1 W05 Hybrid'),
('NIROMD85',   6,'Mercedes F1 W06 Hybrid'),
('NIROMD85',   6,'Mercedes F1 W07 Hybrid'),

('RIHAMI93',  88,'Manor MRT05'),

('ROMEME91',  98,'Marussia MR03B'),

('WISTMU91',  28,'Marussia MR03B'),

('PAMAMV85',NULL,'Williams FW33'),
('PAMAMV85',NULL,'Williams FW34'),
('PAMAMV85',NULL,'Williams FW35'),
('PAMAMV85',  13,'Lotus E22'),
('PAMAMV85',  13,'Lotus E23 Hybrid'),

('JEVEMF90',NULL,'Toro Rosso STR7'),
('JEVEMF90',NULL,'Toro Rosso STR8'),
('JEVEMF90',  25,'Toro Rosso STR9'),

('JUBIMF89',NULL,'Marussia MR02'),
('JUBIMF89',  17,'Marussia MR03'),

('ADSUMD83',NULL,'Spyker F8-VII'),
('ADSUMD83',NULL,'Force India VJM01'),
('ADSUMD83',NULL,'Force India VJM02'),
('ADSUMD83',NULL,'Force India VJM03'),
('ADSUMD83',NULL,'Force India VJM04'),
('ADSUMD83',NULL,'Force India VJM06'),
('ADSUMD83',  20,'Sauber C33'),

('MACHMU91',NULL,'Marussia MR02'),
('MACHMU91',  23,'Marussia MR03'),

('KAKOMJ86',NULL,'Sauber C29'),
('KAKOMJ86',NULL,'Sauber C30'),
('KAKOMJ86',NULL,'Sauber C31'),
('KAKOMJ86',  10,'Caterham CT05'),

('MAWEMA76',NULL,'Jaguar R5'),
('MAWEMA76',NULL,'Williams FW27'),
('MAWEMA76',NULL,'Williams FW28'),
('MAWEMA76',NULL,'Red Bull RB3'),
('MAWEMA76',NULL,'Red Bull RB4'),
('MAWEMA76',NULL,'Red Bull RB5'),
('MAWEMA76',NULL,'Red Bull RB6'),
('MAWEMA76',NULL,'Red Bull RB7'),
('MAWEMA76',NULL,'Red Bull RB8'),
('MAWEMA76',NULL,'Red Bull RB9'),

('PADIMU86',NULL,'Force India VJM04'),
('PADIMU86',NULL,'Force India VJM05'),
('PADIMU86',NULL,'Force India VJM06'),

('CHPIMF90',NULL,'Marussia MR01'),
('CHPIMF90',NULL,'Caterham CT03'),

('HEKOMF81',NULL,'Renault R27'),
('HEKOMF81',NULL,'McLaren MP4-23'),
('HEKOMF81',NULL,'McLaren MP4-24'),
('HEKOMF81',NULL,'Lotus T127'),
('HEKOMF81',NULL,'Lotus T128'),
('HEKOMF81',NULL,'Caterham CT01'),

('GIVAMN85',NULL,'Caterham CT03'),

('MISCMD69',NULL,'Ferrari F2004'),
('MISCMD69',NULL,'Ferrari F2005'),
('MISCMD69',NULL,'Ferrari 248 F1'),
('MISCMD69',NULL,'Mercedes MGP W01'),
('MISCMD69',NULL,'Mercedes MGP W02'),
('MISCMD69',NULL,'Mercedes F1 W03'),

('BRSEMB83',NULL,'Hispania F110'),
('BRSEMB83',NULL,'Williams FW34'),

('VIPEMR84',NULL,'Renault R30'),
('VIPEMR84',NULL,'Renault R31'),
('VIPEMR84',NULL,'Caterham CT01'),

('TIGLMD82',NULL,'Toyota TF108'),
('TIGLMD82',NULL,'Toyota TF109'),
('TIGLMD82',NULL,'Virgin VR-01'),
('TIGLMD82',NULL,'Virgin MVR-02'),
('TIGLMD82',NULL,'Marussia MR01'),

('NAKAMI77',NULL,'Jordan EJ15'),
('NAKAMI77',NULL,'Hispania F111'),
('NAKAMI77',NULL,'HRT F112'),

('PEDEME71',NULL,'Sauber C29'),
('PEDEME71',NULL,'HRT F112');/*2012*/


INSERT INTO gara(anno,gara_num,nome_gara,pilota_del_giorno,pilota_veloce,hot_lap) VALUES
(2022, 1,'Bahrain',             'CHLEMM97','CHLEMM97','1:34.570'),
(2022, 2,'Jeddah',              'CHLEMM97','CHLEMM97','1:31.634'),
(2022, 3,'Melbourne',           'CHLEMM97','CHLEMM97','1:20.260'),
(2022, 4,'Imola',               'MAVEMN97','MAVEMN97','1:18.446'),
(2022, 5,'Miami',               'MAVEMN97','MAVEMN97','1:31.361'),
(2022, 6,'Catalunya',           'LEHAMU85','SEPEMM90','1:24.108'),
(2022, 7,'Monaco',              'SEPEMM90','LANOMU99','1:14.693'),
(2022, 8,'Baku',                'LEHAMU85','SEPEMM90','1:46.046'),
(2022, 9,'Montreal',            'CHLEMM97','CASAME94','1:15.749'),
(2022,10,'Silverstone',         'SEPEMM90','LEHAMU85','1:30.510'),
(2022,11,'Spielberg',           'MISCMD99','MAVEMN97','1:07.275'),
(2022,12,'Paul Ricard',         'CASAME94','CASAME94','1:35.781'),
(2022,13,'Hungaroring',         'MAVEMN97','LEHAMU85','1:21.386'),
(2022,14,'Spa-Francorchamps',   'MAVEMN97','MAVEMN97','1:49.354'),
(2022,15,'Zandvoort',           'MAVEMN97','MAVEMN97','1:13.652'),
(2022,16,'Monza',               'CASAME94','SEPEMM90','1:24.030'),
(2022,17,'Marina Bay',          'SEPEMM90','GERUMU98','1:46.458'),
(2022,18,'Suzuka',              'SEVEMD87','GUZHMC99','1:44.411'),
(2022,19,'Austin',              'SEVEMD87','GUZHMC99','1:38.788'),
(2022,20,'Mexico City',         'DARIMA89','GERUMU98','1:20.153'),
(2022,21,'Interlagos',          'LEHAMU85','GERUMU98','1:13.785'),
(2022,22,'Yas Marina',          'SEVEMD87','LANOMU99','1:28.391'),

(2021, 1,'Bahrain',             'SEPEMM90','VABOMF89','1:32.090'),
(2021, 2,'Imola',               'LANOMU99','LEHAMU85','1:16.702'),
(2021, 3,'Portimão',            'SEPEMM90','VABOMF89','1:19.865'),
(2021, 4,'Catalunya',           'LEHAMU85','MAVEMN97','1:18.149'),
(2021, 5,'Monaco',              'SEVEMD87','LEHAMU85','1:12.909'),
(2021, 6,'Baku',                'SEVEMD87','MAVEMN97','1:44.481'),
(2021, 7,'Paul Ricard',         'MAVEMN97','MAVEMN97','1:36.404'),
(2021, 8,'Spielberg',           'CHLEMM97','LEHAMU85','1:07.058'),
(2021, 9,'Spielberg',           'LANOMU99','MAVEMN97','1:06.200'),
(2021,10,'Silverstone',         'CHLEMM97','SEPEMM90','1:28.617'),
(2021,11,'Hungaroring',         'FEALME81','PIGAMF96','1:18.394'),
(2021,12,'Spa-Francorchamps',   'GERUMU98','NIMAMR99','3:18.016'),
(2021,13,'Zandvoort',           'SEPEMM90','LEHAMU85','1:11.097'),
(2021,14,'Monza',               'DARIMA89','DARIMA89','1:24.812'),
(2021,15,'Sochi',               'LANOMU99','LANOMU99','1:37.423'),
(2021,16,'Istanbul',            'CASAME94','VABOMF89','1:30.432'),
(2021,17,'Austin',              'MAVEMN97','LEHAMU85','1:38.485'),
(2021,18,'Mexico City',         'SEPEMM90','VABOMF89','1:32.090'),
(2021,19,'Interlagos',          'LEHAMU85','SEPEMM90','1:11.010'),
(2021,20,'Losail',              'FEALME81','LEHAMU85','1:30.734'),
(2021,21,'Jeddah',              'MAVEMN97','LEHAMU85','1:30.734'),
(2021,22,'Yas Marina',          'KIRAMF79','MAVEMN97','1:26.103'),

(2020, 1,'Spielberg',           'ALALMT96','LANOMU99','1:07.475'),
(2020, 2,'Spielberg',           'SEPEMM90','CASAME94','1:05.619'),
(2020, 3,'Hungaroring',         'MAVEMN97','LEHAMU85','1:16.627'),
(2020, 4,'Silverstone',         'LEHAMU85','MAVEMN97','1:27.097'),
(2020, 5,'Silverstone',         'MAVEMN97','LEHAMU85','1:28.451'),
(2020, 6,'Catalunya',           'SEVEMD87','VABOMF89','1:18.183'),
(2020, 7,'Spa-Francorchamps',   'PIGAMF96','DARIMA89','1:47.483'),
(2020, 8,'Monza',               'PIGAMF96','PIGAMF96','1:22.746'),
(2020, 9,'Mugello',             'DARIMA89','LEHAMU85','1:18.833'),
(2020,10,'Sochi',               'MAVEMN97','VABOMF89','1:37.030'),
(2020,11,'Nürburgring',         'LASTMC98','MAVEMN97','1:28.139'),
(2020,12,'Portimão',            'SEPEMM90','LEHAMU85','1:18.750'),
(2020,13,'Imola',               'KIRAMF79','LEHAMU85','1:15.484'),
(2020,14,'Istanbul',            'SEVEMD87','LANOMU99','1:36.806'),
(2020,15,'Bahrain',             'ROGRMF86','MAVEMN97','1:32.014'),
(2020,16,'Sakhiir',             'LEHAMU85','LEHAMU85','0:55.404'),
(2020,17,'Yas Marina',          'MAVEMN97','DARIMA89','1:40.926');


INSERT INTO prestazione(anno,gara_num,codice_fiscale,vettura,tempo_q1,tempo_q2,tempo_q3,posizione_arrivo,ritiro) VALUES
(2022, 1,'LEHAMU85','Mercedes-AMG F1 W13 E Performance',    '1:32.285','1:31.048','1:31.238', 3,'N'),
(2022, 1,'GERUMU98','Mercedes-AMG F1 W13 E Performance',    '1:32.269','1:31.252','1:32.216', 4,'N'),
(2022, 1,'MAVEMN97','Red Bull RB18',                        '1:31.785','1:30.757','1:30.681',19,'Y'),
(2022, 1,'SEPEMM90','Red Bull RB18',                        '1:32.311','1:31.008','1:30.921',18,'Y'),
(2022, 1,'CASAME94','Ferrari F1-75',                        '1:31.567','1:30.787','1:30.687', 2,'N'),
(2022, 1,'CHLEMM97','Ferrari F1-75',                        '1:31.471','1:30.932','1:30.558', 1,'N'),
(2022, 1,'LANOMU99','McLaren MCL36',                        '1:32.239','1:32.008',NULL      ,15,'N'),
(2022, 1,'DARIMA89','McLaren MCL36',                        '1:32.945',NULL      ,NULL      ,14,'N'),
(2022, 1,'FEALME81','Alpine A522',                          '1:32.346','1:31.621','1:32.195', 9,'N'),
(2022, 1,'ESOCMF96','Alpine A522',                          '1:32.041','1:31.782',NULL      , 7,'N'),
(2022, 1,'PIGAMF96','AlphaTauri AT03',                      '1:32.096','1:31.635','1:32.338',20,'Y'),
(2022, 1,'YUTSMJ00','AlphaTauri AT03',                      '1:32.750',NULL      ,NULL      , 8,'N'),
(2022, 1,'SEVEMD87','Aston Martin AMR22',                   '1:32.777',NULL      ,NULL      ,17,'N'),
(2022, 1,'LASTMC98','Aston Martin AMR22',                   '1:33.032',NULL      ,NULL      ,12,'N'),
(2022, 1,'NILAMC95','Williams FW44',                        '1:33.634',NULL      ,NULL      ,16,'N'),
(2022, 1,'ALALMT96','Williams FW44',                        '1:32.726','1:32.664',NULL      ,13,'N'),
(2022, 1,'GUZHMC99','Alfa Romeo C42',                       '1:32.493','1:33.543',NULL      ,10,'N'),
(2022, 1,'VABOMF89','Alfa Romeo C42',                       '1:31.919','1:31.717','1:31.560', 6,'N'),
(2022, 1,'KEMAMD92','Haas VF-22',                           '1:31.955','1:31.461','1:31.808', 5,'N'),
(2022, 1,'MISCMD99','Haas VF-22',                           '1:32.380','1:31.998',NULL      ,11,'N'),

(2022, 2,'LEHAMU85','Mercedes-AMG F1 W13 E Performance',    '1:30.343',NULL      ,NULL      ,10,'N'),
(2022, 2,'GERUMU98','Mercedes-AMG F1 W13 E Performance',    '1:29.680','1:29.618','1:29.104', 5,'N'),
(2022, 2,'MAVEMN97','Red Bull RB18',                        '1:28.928','1:28.945','1:28.461', 1,'N'),
(2022, 2,'SEPEMM90','Red Bull RB18',                        '1:29.705','1:28.924','1:28.200', 4,'N'),
(2022, 2,'CASAME94','Ferrari F1-75',                        '1:28.855','1:28.686','1:28.402', 3,'N'),
(2022, 2,'CHLEMM97','Ferrari F1-75',                        '1:29.039','1:28.780','1:28.225', 2,'N'),
(2022, 2,'LANOMU99','McLaren MCL36',                        '1:29.957','1:29.651',NULL      , 7,'N'),
(2022, 2,'DARIMA89','McLaren MCL36',                        '1:30.009','1:29.773',NULL      ,17,'Y'),
(2022, 2,'FEALME81','Alpine A522',                          '1:29.978','1:29.295','1:29.147',16,'Y'),
(2022, 2,'ESOCMF96','Alpine A522',                          '1:30.093','1:29.584','1:29.068', 6,'N'),
(2022, 2,'PIGAMF96','AlphaTauri AT03',                      '1:29.891','1:29.418','1:29.254', 8,'N'),
(2022, 2,'YUTSMJ00','AlphaTauri AT03',                      '1:35.074',NULL      ,NULL      ,19,'Y'),
(2022, 2,'SEVEMD87','Aston Martin AMR22',                   '1:30.543',NULL      ,NULL      ,12,'N'),
(2022, 2,'LASTMC98','Aston Martin AMR22',                   '1:30.256','1:31.009',NULL      ,13,'N'),
(2022, 2,'NILAMC95','Williams FW44',                        '1:31.817',NULL      ,NULL      ,18,'Y'),
(2022, 2,'ALALMT96','Williams FW44',                        '1:30.492',NULL      ,NULL      ,14,'N'),
(2022, 2,'GUZHMC99','Alfa Romeo C42',                       '1:29.978','1:29.819',NULL      ,11,'N'),
(2022, 2,'VABOMF89','Alfa Romeo C42',                       '1:29.683','1:29.404','1:29.183',15,'Y'),
(2022, 2,'KEMAMD92','Haas VF-22',                           '1:29.831','1:29.546','1:29.588', 9,'N'),
(2022, 2,'MISCMD99','Haas VF-22',                           '1:30.167','1:29.920',NULL      ,20,'Y'),

(2022, 3,'LEHAMU85','Mercedes-AMG F1 W13 E Performance',    '1:19.401','1:19.106','1:18.825', 4,'N'),
(2022, 3,'GERUMU98','Mercedes-AMG F1 W13 E Performance',    '1:19.405','1:19.076','1:18.933', 3,'N'),
(2022, 3,'MAVEMN97','Red Bull RB18',                        '1:18.580','1:18.611','1:18.154',18,'Y'),
(2022, 3,'SEPEMM90','Red Bull RB18',                        '1:18.834','1:18.340','1:18.240', 2,'N'),
(2022, 3,'CASAME94','Ferrari F1-75',                        '1:18.983','1:18.469','1:19.408',20,'Y'),
(2022, 3,'CHLEMM97','Ferrari F1-75',                        '1:18.881','1:18.606','1:17.868', 1,'N'),
(2022, 3,'LANOMU99','McLaren MCL36',                        '1:19.280','1:19.066','1:18.703', 5,'N'),
(2022, 3,'DARIMA89','McLaren MCL36',                        '1:19.665','1:19.130','1:19.032', 6,'N'),
(2022, 3,'FEALME81','Alpine A522',                          '1:19.192','1:18.815','1:24.080',17,'N'),
(2022, 3,'ESOCMF96','Alpine A522',                          '1:19.605','1:19.136','1:19.061', 7,'N'),
(2022, 3,'PIGAMF96','AlphaTauri AT03',                      '1:19.580','1:19.226',NULL      , 9,'N'),
(2022, 3,'YUTSMJ00','AlphaTauri AT03',                      '1:19.742','1:19.424',NULL      ,15,'N'),
(2022, 3,'SEVEMD87','Aston Martin AMR22',                   '1:21.149',NULL      ,NULL      ,19,'Y'),
(2022, 3,'LASTMC98','Aston Martin AMR22',                   '1:24.080',NULL      ,NULL      ,12,'N'),
(2022, 3,'NILAMC95','Williams FW44',                        '1:21.372',NULL      ,NULL      ,16,'N'),
(2022, 3,'ALALMT96','Williams FW44',                        '1:24.081',NULL      ,NULL      ,10,'N'),
(2022, 3,'GUZHMC99','Alfa Romeo C42',                       '1:19.910','1:20.155',NULL      ,11,'N'),
(2022, 3,'VABOMF89','Alfa Romeo C42',                       '1:19.251','1:19.410',NULL      , 8,'N'),
(2022, 3,'KEMAMD92','Haas VF-22',                           '1:20.254',NULL      ,NULL      ,14,'N'),
(2022, 3,'MISCMD99','Haas VF-22',                           '1:20.104','1:20.465',NULL      ,13,'N'),

(2022, 4,'LEHAMU85','Mercedes-AMG F1 W13 E Performance',    '1:20.470','1:21.138',NULL      ,13,'N'),
(2022, 4,'GERUMU98','Mercedes-AMG F1 W13 E Performance',    '1:20.383','1:20.757',NULL      , 4,'N'),
(2022, 4,'MAVEMN97','Red Bull RB18',                        '1:19.295','1:18.793','1:27.999', 1,'N'),
(2022, 4,'SEPEMM90','Red Bull RB18',                        '1:19.773','1:19.296','1:29.808', 2,'N'),
(2022, 4,'CASAME94','Ferrari F1-75',                        '1:19.305','1:18.990','1:31.180',20,'Y'),
(2022, 4,'CHLEMM97','Ferrari F1-75',                        '1:18.796','1:19.584','1:28.778', 6,'N'),
(2022, 4,'LANOMU99','McLaren MCL36',                        '1:20.168','1:19.294','1:29.131', 3,'N'),
(2022, 4,'DARIMA89','McLaren MCL36',                        '1:19.980','1:20.031','1:29.742',18,'N'),
(2022, 4,'FEALME81','Alpine A522',                          '1:20.198','1:19.595','1:29.202',19,'Y'),
(2022, 4,'ESOCMF96','Alpine A522',                          '1:22.338',NULL      ,NULL      ,14,'N'),
(2022, 4,'PIGAMF96','AlphaTauri AT03',                      '1:20.732',NULL      ,NULL      ,12,'N'),
(2022, 4,'YUTSMJ00','AlphaTauri AT03',                      '1:20.474',NULL      ,NULL      , 7,'N'),
(2022, 4,'SEVEMD87','Aston Martin AMR22',                   '1:20.364','1:19.957','1:31.062', 8,'N'),
(2022, 4,'LASTMC98','Aston Martin AMR22',                   '1:20.342','1:28.119',NULL      ,10,'N'),
(2022, 4,'NILAMC95','Williams FW44',                        '1:21.971',NULL      ,NULL      ,16,'N'),
(2022, 4,'ALALMT96','Williams FW44',                        '1:24.311',NULL      ,NULL      ,11,'N'),
(2022, 4,'GUZHMC99','Alfa Romeo C42',                       '1:19.730','1:21.434',NULL      ,15,'N'),
(2022, 4,'VABOMF89','Alfa Romeo C42',                       '1:20.419','1:20.192','1:30.439', 5,'N'),
(2022, 4,'KEMAMD92','Haas VF-22',                           '1:20.147','1:19.902','1:29.164', 9,'N'),
(2022, 4,'MISCMD99','Haas VF-22',                           '1:20.422','1:20.916',NULL      ,17,'N'),

(2022, 5,'LEHAMU85','Mercedes-AMG F1 W13 E Performance',    '1:30.388','1:29.797','1:29.625', 6,'N'),
(2022, 5,'GERUMU98','Mercedes-AMG F1 W13 E Performance',    '1:30.490','1:30.173',NULL      , 5,'N'),
(2022, 5,'MAVEMN97','Red Bull RB18',                        '1:29.836','1:29.202','1:28.991', 1,'N'),
(2022, 5,'SEPEMM90','Red Bull RB18',                        '1:30.055','1:29.673','1:29.036', 4,'N'),
(2022, 5,'CASAME94','Ferrari F1-75',                        '1:30.079','1:29.729','1:28.986', 3,'N'),
(2022, 5,'CHLEMM97','Ferrari F1-75',                        '1:29.474','1:29.130','1:28.796', 2,'N'),
(2022, 5,'LANOMU99','McLaren MCL36',                        '1:30.761','1:29.634','1:29.750',19,'Y'),
(2022, 5,'DARIMA89','McLaren MCL36',                        '1:30.583','1:30.310',NULL      ,13,'N'),
(2022, 5,'FEALME81','Alpine A522',                          '1:30.407','1:30.160',NULL      ,11,'N'),
(2022, 5,'ESOCMF96','Alpine A522',                          '1:35.737',NULL      ,NULL      , 8,'N'),
(2022, 5,'PIGAMF96','AlphaTauri AT03',                      '1:30.779','1:30.128','1:29.690',18,'Y'),
(2022, 5,'YUTSMJ00','AlphaTauri AT03',                      '1:30.485','1:30.031','1:29.932',12,'N'),
(2022, 5,'SEVEMD87','Aston Martin AMR22',                   '1:30.677','1:30.214',NULL      ,17,'N'),
(2022, 5,'LASTMC98','Aston Martin AMR22',                   '1:30.441','1:29.996','1:30.676',10,'N'),
(2022, 5,'NILAMC95','Williams FW44',                        '1:31.325',NULL      ,NULL      ,14,'N'),
(2022, 5,'ALALMT96','Williams FW44',                        '1:31.266',NULL      ,NULL      , 9,'N'),
(2022, 5,'GUZHMC99','Alfa Romeo C42',                       '1:31.020',NULL      ,NULL      ,10,'Y'),
(2022, 5,'VABOMF89','Alfa Romeo C42',                       '1:30.845','1:29.751','1:29.475', 7,'N'),
(2022, 5,'KEMAMD92','Haas VF-22',                           '1:30.975',NULL      ,NULL      ,16,'N'),
(2022, 5,'MISCMD99','Haas VF-22',                           '1:30.645','1:30.423',NULL      ,15,'N'),

(2022, 6,'LEHAMU85','Mercedes-AMG F1 W13 E Performance',    '1:20.252','1:19.794','1:19.512', 5,'N'),
(2022, 6,'GERUMU98','Mercedes-AMG F1 W13 E Performance',    '1:20.218','1:19.470','1:19.393', 3,'N'),
(2022, 6,'MAVEMN97','Red Bull RB18',                        '1:20.091','1:19.219','1:19.073', 1,'N'),
(2022, 6,'SEPEMM90','Red Bull RB18',                        '1:20.447','1:19.830','1:19.420', 2,'N'),
(2022, 6,'CASAME94','Ferrari F1-75',                        '1:19.892','1:19.453','1:19.166', 4,'N'),
(2022, 6,'CHLEMM97','Ferrari F1-75',                        '1:19.861','1:19.969','1:18.750',20,'Y'),
(2022, 6,'LANOMU99','McLaren MCL36',                        '1:20.838','1:20.471',NULL      , 8,'N'),
(2022, 6,'DARIMA89','McLaren MCL36',                        '1:20.549','1:20.287','1:20.297',12,'N'),
(2022, 6,'FEALME81','Alpine A522',                          '1:21.043',NULL      ,NULL      , 9,'N'),
(2022, 6,'ESOCMF96','Alpine A522',                          '1:20.880','1:20.638',NULL      , 7,'N'),
(2022, 6,'PIGAMF96','AlphaTauri AT03',                      '1:20.719','1:20.861',NULL      ,13,'N'),
(2022, 6,'YUTSMJ00','AlphaTauri AT03',                      '1:20.707','1:20.639',NULL      ,10,'N'),
(2022, 6,'SEVEMD87','Aston Martin AMR22',                   '1:20.954',NULL      ,NULL      ,11,'N'),
(2022, 6,'LASTMC98','Aston Martin AMR22',                   '1:21.418',NULL      ,NULL      ,15,'N'),
(2022, 6,'NILAMC95','Williams FW44',                        '1:21.915',NULL      ,NULL      ,16,'N'),
(2022, 6,'ALALMT96','Williams FW44',                        '1:21.645',NULL      ,NULL      ,18,'N'),
(2022, 6,'GUZHMC99','Alfa Romeo C42',                       '1:20.476','1:21.094',NULL      ,19,'Y'),
(2022, 6,'VABOMF89','Alfa Romeo C42',                       '1:20.355','1:20.053','1:19.608', 6,'N'),
(2022, 6,'KEMAMD92','Haas VF-22',                           '1:20.227','1:19.810','1:19.682',17,'N'),
(2022, 6,'MISCMD99','Haas VF-22',                           '1:20.683','1:20.436','1:20.368',14,'N'),

(2022, 7,'LEHAMU85','Mercedes-AMG F1 W13 E Performance',    '1:13.444','1:12.595','1:12.560', 8,'N'),
(2022, 7,'GERUMU98','Mercedes-AMG F1 W13 E Performance',    '1:12.787','1:12.617','1:12.112', 5,'N'),
(2022, 7,'MAVEMN97','Red Bull RB18',                        '1:12.993','1:12.117','1:11.666', 3,'N'),
(2022, 7,'SEPEMM90','Red Bull RB18',                        '1:13.004','1:11.954','1:11.629', 1,'N'),
(2022, 7,'CASAME94','Ferrari F1-75',                        '1:12.616','1:12.074','1:11.601', 2,'N'),
(2022, 7,'CHLEMM97','Ferrari F1-75',                        '1:12.569','1:11.864','1:11.376', 4,'N'),
(2022, 7,'LANOMU99','McLaren MCL36',                        '1:12.927','1:12.266','1:11.849', 6,'N'),
(2022, 7,'DARIMA89','McLaren MCL36',                        '1:13.338','1:12.964',NULL      ,13,'N'),
(2022, 7,'FEALME81','Alpine A522',                          '1:13.394','1:12.688','1:12.247', 7,'N'),
(2022, 7,'ESOCMF96','Alpine A522',                          '1:12.848','1:12.528','1:13.047',12,'N'),
(2022, 7,'PIGAMF96','AlphaTauri AT03',                      '1:13.660',NULL      ,NULL      ,11,'N'),
(2022, 7,'YUTSMJ00','AlphaTauri AT03',                      '1:13.110','1:12.797',NULL      ,17,'N'),
(2022, 7,'SEVEMD87','Aston Martin AMR22',                   '1:13.313','1:12.613','1:12.732',10,'N'),
(2022, 7,'LASTMC98','Aston Martin AMR22',                   '1:13.678',NULL      ,NULL      ,14,'N'),
(2022, 7,'NILAMC95','Williams FW44',                        '1:14.403',NULL      ,NULL      ,15,'N'),
(2022, 7,'ALALMT96','Williams FW44',                        '1:13.611',NULL      ,NULL      ,18,'Y'),
(2022, 7,'GUZHMC99','Alfa Romeo C42',                       '1:15.606',NULL      ,NULL      ,16,'N'),
(2022, 7,'VABOMF89','Alfa Romeo C42',                       '1:13.541','1:12.909',NULL      , 9,'N'),
(2022, 7,'KEMAMD92','Haas VF-22',                           '1:13.069','1:12.921',NULL      ,20,'Y'),
(2022, 7,'MISCMD99','Haas VF-22',                           '1:13.469','1:13.081',NULL      ,19,'Y'),

(2022, 8,'LEHAMU85','Mercedes-AMG F1 W13 E Performance',    '1:43.939','1:43.182','1:42.924', 4,'N'),
(2022, 8,'GERUMU98','Mercedes-AMG F1 W13 E Performance',    '1:43.754','1:43.281','1:42.712', 3,'N'),
(2022, 8,'MAVEMN97','Red Bull RB18',                        '1:42.722','1:42.227','1:41.706', 1,'N'),
(2022, 8,'SEPEMM90','Red Bull RB18',                        '1:42.733','1:41.955','1:41.641', 2,'N'),
(2022, 8,'CASAME94','Ferrari F1-75',                        '1:42.957','1:42.088','1:41.814',20,'Y'),
(2022, 8,'CHLEMM97','Ferrari F1-75',                        '1:42.865','1:42.046','1:41.359',19,'Y'),
(2022, 8,'LANOMU99','McLaren MCL36',                        '1:44.237','1:43.398',NULL      , 9,'N'),
(2022, 8,'DARIMA89','McLaren MCL36',                        '1:44.437','1:43.574',NULL      , 8,'N'),
(2022, 8,'FEALME81','Alpine A522',                          '1:44.083','1:43.360','1:43.173', 7,'N'),
(2022, 8,'ESOCMF96','Alpine A522',                          '1:43.903','1:43.585',NULL      ,10,'N'),
(2022, 8,'PIGAMF96','AlphaTauri AT03',                      '1:43.268','1:43.129','1:42.845', 5,'N'),
(2022, 8,'YUTSMJ00','AlphaTauri AT03',                      '1:43.595','1:43.376','1:43.056',13,'N'),
(2022, 8,'SEVEMD87','Aston Martin AMR22',                   '1:43.279','1:43.268','1:43.091', 6,'N'),
(2022, 8,'LASTMC98','Aston Martin AMR22',                   '1:45.371',NULL      ,NULL      ,16,'N'),
(2022, 8,'NILAMC95','Williams FW44',                        '1:45.367',NULL      ,NULL      ,15,'N'),
(2022, 8,'ALALMT96','Williams FW44',                        '1:44.719',NULL      ,NULL      ,12,'N'),
(2022, 8,'GUZHMC99','Alfa Romeo C42',                       '1:43.777','1:43.790',NULL      ,18,'Y'),
(2022, 8,'VABOMF89','Alfa Romeo C42',                       '1:44.478','1:44.444',NULL      ,11,'N'),
(2022, 8,'KEMAMD92','Haas VF-22',                           '1:44.643',NULL      ,NULL      ,17,'Y'),
(2022, 8,'MISCMD99','Haas VF-22',                           '1:45.775',NULL      ,NULL      ,14,'N'),

(2022, 9,'LEHAMU85','Mercedes-AMG F1 W13 E Performance',    '1:33.841','1:25.543','1:22.891', 3,'N'),
(2022, 9,'GERUMU98','Mercedes-AMG F1 W13 E Performance',    '1:33.160','1:24.950','1:23.557', 4,'N'),
(2022, 9,'MAVEMN97','Red Bull RB18',                        '1:32.219','1:23.746','1:21.299', 1,'N'),
(2022, 9,'SEPEMM90','Red Bull RB18',                        '1:33.929','1:33.127',NULL      ,20,'Y'),
(2022, 9,'CASAME94','Ferrari F1-75',                        '1:32.781','1:25.197','1:22.096', 2,'N'),
(2022, 9,'CHLEMM97','Ferrari F1-75',                        '1:36.555',NULL      ,NULL      , 5,'N'),
(2022, 9,'LANOMU99','McLaren MCL36',                        '1:34.066','1:38.674',NULL      ,15,'N'),
(2022, 9,'DARIMA89','McLaren MCL36',                        '1:33.636','1:26.375','1:23.749',11,'N'),
(2022, 9,'FEALME81','Alpine A522',                          '1:32.277','1:24.848','1:21.944', 9,'N'),
(2022, 9,'ESOCMF96','Alpine A522',                          '1:33.012','1:26.135','1:23.529', 6,'N'),
(2022, 9,'PIGAMF96','AlphaTauri AT03',                      '1:34.492',NULL      ,NULL      ,14,'N'),
(2022, 9,'YUTSMJ00','AlphaTauri AT03',                      '1:36.575',NULL      ,NULL      ,18,'Y'),
(2022, 9,'SEVEMD87','Aston Martin AMR22',                   '1:34.512',NULL      ,NULL      ,12,'N'),
(2022, 9,'LASTMC98','Aston Martin AMR22',                   '1:35.532',NULL      ,NULL      ,10,'N'),
(2022, 9,'NILAMC95','Williams FW44',                        '1:35.660',NULL      ,NULL      ,16,'N'),
(2022, 9,'ALALMT96','Williams FW44',                        '1:34.047','1:26.858',NULL      ,13,'N'),
(2022, 9,'GUZHMC99','Alfa Romeo C42',                       '1:33.692','1:26.116','1:24.030', 8,'N'),
(2022, 9,'VABOMF89','Alfa Romeo C42',                       '1:33.689','1:26.788',NULL      , 7,'N'),
(2022, 9,'KEMAMD92','Haas VF-22',                           '1:32.957','1:26.254','1:22.960',17,'N'),
(2022, 9,'MISCMD99','Haas VF-22',                           '1:33.707','1:25.684','1:23.356',19,'Y'),

(2022,10,'LEHAMU85','Mercedes-AMG F1 W13 E Performance',    '1:40.428','1:41.062','1:41.995', 3,'N'),
(2022,10,'GERUMU98','Mercedes-AMG F1 W13 E Performance',    '1:40.028','1:41.725','1:42.161',18,'Y'),
(2022,10,'MAVEMN97','Red Bull RB18',                        '1:39.129','1:40.655','1:41.055', 7,'N'),
(2022,10,'SEPEMM90','Red Bull RB18',                        '1:40.521','1:42.513','1:41.616', 2,'N'),
(2022,10,'CASAME94','Ferrari F1-75',                        '1:40.190','1:41.602','1:40.983', 1,'N'),
(2022,10,'CHLEMM97','Ferrari F1-75',                        '1:39.846','1:41.247','1:41.298', 4,'N'),
(2022,10,'LANOMU99','McLaren MCL36',                        '1:41.515','1:41.821','1:42.084', 6,'N'),
(2022,10,'DARIMA89','McLaren MCL36',                        '1:41.933','1:44.355',NULL      ,13,'N'),
(2022,10,'FEALME81','Alpine A522',                          '1:41.598','1:42.209','1:42.116', 5,'N'),
(2022,10,'ESOCMF96','Alpine A522',                          '1:41.730','1:45.190',NULL      ,15,'Y'),
(2022,10,'PIGAMF96','AlphaTauri AT03',                      '1:41.680','1:43.702',NULL      ,16,'Y'),
(2022,10,'YUTSMJ00','AlphaTauri AT03',                      '1:41.893','1:44.311',NULL      ,14,'N'),
(2022,10,'SEVEMD87','Aston Martin AMR22',                   '1:42.666',NULL      ,NULL      , 9,'N'),
(2022,10,'LASTMC98','Aston Martin AMR22',                   '1:43.430',NULL      ,NULL      ,11,'N'),
(2022,10,'NILAMC95','Williams FW44',                        '1:41.998','1:43.273','2:03.095',12,'N'),
(2022,10,'ALALMT96','Williams FW44',                        '1:42.078',NULL      ,NULL      ,20,'Y'),
(2022,10,'GUZHMC99','Alfa Romeo C42',                       '1:40.791','1:42.640','1:42.719',19,'Y'),
(2022,10,'VABOMF89','Alfa Romeo C42',                       '1:41.396','1:44.232',NULL      ,17,'Y'),
(2022,10,'KEMAMD92','Haas VF-22',                           '1:42.159',NULL      ,NULL      ,10,'N'),
(2022,10,'MISCMD99','Haas VF-22',                           '1:42.708',NULL      ,NULL      , 8,'N'),

(2022,11,'LEHAMU85','Mercedes-AMG F1 W13 E Performance',    '1:06.079','1:05.475','1:13.151', 3,'N'),
(2022,11,'GERUMU98','Mercedes-AMG F1 W13 E Performance',    '1:06.235','1:05.697','1:05.431', 4,'N'),
(2022,11,'MAVEMN97','Red Bull RB18',                        '1:05.852','1:05.374','1:04.984', 2,'N'),
(2022,11,'SEPEMM90','Red Bull RB18',                        '1:06.143','1:06.458',NULL      ,20,'Y'),
(2022,11,'CASAME94','Ferrari F1-75',                        '1:05.660','1:05.576','1:05.066',18,'Y'),
(2022,11,'CHLEMM97','Ferrari F1-75',                        '1:05.419','1:05.287','1:05.013', 1,'N'),
(2022,11,'LANOMU99','McLaren MCL36',                        '1:06.330','1:25.847',NULL      , 7,'N'),
(2022,11,'DARIMA89','McLaren MCL36',                        '1:06.613',NULL      ,NULL      , 9,'N'),
(2022,11,'FEALME81','Alpine A522',                          '1:06.016','1:06.082','1:06.103',10,'N'),
(2022,11,'ESOCMF96','Alpine A522',                          '1:06.468','1:05.993','1:05.726', 5,'N'),
(2022,11,'PIGAMF96','AlphaTauri AT03',                      '1:06.589','1:06.160',NULL      ,15,'N'),
(2022,11,'YUTSMJ00','AlphaTauri AT03',                      '1:06.463','1:06.851',NULL      ,16,'N'),
(2022,11,'SEVEMD87','Aston Martin AMR22',                   '1:07.083',NULL      ,NULL      ,17,'N'),
(2022,11,'LASTMC98','Aston Martin AMR22',                   '1:06.847',NULL      ,NULL      ,13,'N'),
(2022,11,'NILAMC95','Williams FW44',                        '1:07.003',NULL      ,NULL      ,19,'Y'),
(2022,11,'ALALMT96','Williams FW44',                        '1:06.516','1:06.230',NULL      ,12,'N'),
(2022,11,'GUZHMC99','Alfa Romeo C42',                       '1:06.901',NULL      ,NULL      ,14,'N'),
(2022,11,'VABOMF89','Alfa Romeo C42',                       '1:06.442','1:06.319',NULL      ,11,'N'),
(2022,11,'KEMAMD92','Haas VF-22',                           '1:06.366','1:05.894','1:05.879', 8,'N'),
(2022,11,'MISCMD99','Haas VF-22',                           '1:06.405','1:06.151','1:06.011', 6,'N'),

(2022,12,'LEHAMU85','Mercedes-AMG F1 W13 E Performance',    '1:33.041','1:32.274','1:31.765', 2,'N'),
(2022,12,'GERUMU98','Mercedes-AMG F1 W13 E Performance',    '1:33.109','1:32.633','1:32.131', 3,'N'),
(2022,12,'MAVEMN97','Red Bull RB18',                        '1:31.891','1:31.990','1:31.176', 1,'N'),
(2022,12,'SEPEMM90','Red Bull RB18',                        '1:32.354','1:32.120','1:31.335', 4,'N'),
(2022,12,'CASAME94','Ferrari F1-75',                        '1:38.148',NULL      ,NULL      , 5,'N'),
(2022,12,'CHLEMM97','Ferrari F1-75',                        '1:31.727','1:31.216','1:30.872',19,'Y'),
(2022,12,'LANOMU99','McLaren MCL36',                        '1:32.672','1:32.777','1:32.032', 7,'N'),
(2022,12,'DARIMA89','McLaren MCL36',                        '1:33.404','1:32.922',NULL      , 9,'N'),
(2022,12,'FEALME81','Alpine A522',                          '1:32.819','1:32.631','1:32.552', 6,'N'),
(2022,12,'ESOCMF96','Alpine A522',                          '1:33.346','1:33.048',NULL      , 8,'N'),
(2022,12,'PIGAMF96','AlphaTauri AT03',                      '1:33.439',NULL      ,NULL      ,12,'N'),
(2022,12,'YUTSMJ00','AlphaTauri AT03',                      '1:33.394','1:32.836','1:32.780',20,'Y'),
(2022,12,'SEVEMD87','Aston Martin AMR22',                   '1:33.285','1:33.276',NULL      ,11,'N'),
(2022,12,'LASTMC98','Aston Martin AMR22',                   '1:33.439',NULL      ,NULL      ,10,'N'),
(2022,12,'NILAMC95','Williams FW44',                        '1:33.794',NULL      ,NULL      ,17,'Y'),
(2022,12,'ALALMT96','Williams FW44',                        '1:33.423','1:33.307',NULL      ,13,'N'),
(2022,12,'GUZHMC99','Alfa Romeo C42',                       '1:33.674',NULL      ,NULL      ,16,'N'),
(2022,12,'VABOMF89','Alfa Romeo C42',                       '1:33.034','1:33.052',NULL      ,14,'N'),
(2022,12,'KEMAMD92','Haas VF-22',                           '1:38.178',NULL      ,NULL      ,18,'Y'),
(2022,12,'MISCMD99','Haas VF-22',                           '1:33.701',NULL      ,NULL      ,15,'N'),

(2022,13,'LEHAMU85','Mercedes-AMG F1 W13 E Performance',    '1:18.374','1:18.035','1:18.142', 2,'N'),
(2022,13,'GERUMU98','Mercedes-AMG F1 W13 E Performance',    '1:18.407','1:18.154','1:17.377', 3,'N'),
(2022,13,'MAVEMN97','Red Bull RB18',                        '1:18.509','1:17.703','1:18.823', 1,'N'),
(2022,13,'SEPEMM90','Red Bull RB18',                        '1:19.118','1:18.516',NULL      , 5,'N'),
(2022,13,'CASAME94','Ferrari F1-75',                        '1:18.434','1:17.946','1:17.421', 4,'N'),
(2022,13,'CHLEMM97','Ferrari F1-75',                        '1:18.806','1:17.768','1:17.567', 6,'N'),
(2022,13,'LANOMU99','McLaren MCL36',                        '1:18.653','1:18.121','1:17.769', 7,'N'),
(2022,13,'DARIMA89','McLaren MCL36',                        '1:18.775','1:18.198','1:18.379',15,'N'),
(2022,13,'FEALME81','Alpine A522',                          '1:18.716','1:17.904','1:18.078', 8,'N'),
(2022,13,'ESOCMF96','Alpine A522',                          '1:18.866','1:18.216','1:18.018', 9,'N'),
(2022,13,'PIGAMF96','AlphaTauri AT03',                      '1:19.527',NULL      ,NULL      ,12,'N'),
(2022,13,'YUTSMJ00','AlphaTauri AT03',                      '1:19.240',NULL      ,NULL      ,19,'N'),
(2022,13,'SEVEMD87','Aston Martin AMR22',                   '1:19.273',NULL      ,NULL      ,10,'N'),
(2022,13,'LASTMC98','Aston Martin AMR22',                   '1:19.205','1:19.137',NULL      ,11,'N'),
(2022,13,'NILAMC95','Williams FW44',                        '1:19.570',NULL      ,NULL      ,18,'N'),
(2022,13,'ALALMT96','Williams FW44',                        '1:19.256',NULL      ,NULL      ,17,'N'),
(2022,13,'GUZHMC99','Alfa Romeo C42',                       '1:18.973','1:18.573',NULL      ,13,'N'),
(2022,13,'VABOMF89','Alfa Romeo C42',                       '1:18.935','1:18.445','1:18.157',20,'Y'),
(2022,13,'KEMAMD92','Haas VF-22',                           '1:18.993','1:18.825',NULL      ,16,'N'),
(2022,13,'MISCMD99','Haas VF-22',                           '1:19.164','1:19.202',NULL      ,14,'N'),

(2022,14,'LEHAMU85','Mercedes-AMG F1 W13 E Performance',    '1:45.736','1:45.420','1:45.503',20,'Y'),
(2022,14,'GERUMU98','Mercedes-AMG F1 W13 E Performance',    '1:45.650','1:45.461','1:45.776', 4,'N'),
(2022,14,'MAVEMN97','Red Bull RB18',                        '1:47.900',NULL      ,NULL      , 1,'N'),
(2022,14,'SEPEMM90','Red Bull RB18',                        '1:45.377','1:44.794','1:44.462', 2,'N'),
(2022,14,'CASAME94','Ferrari F1-75',                        '1:45.050','1:45.418','1:44.297', 3,'N'),
(2022,14,'CHLEMM97','Ferrari F1-75',                        '1:47.950',NULL      ,NULL      , 6,'N'),
(2022,14,'LANOMU99','McLaren MCL36',                        '1:48.123',NULL      ,NULL      ,12,'N'),
(2022,14,'DARIMA89','McLaren MCL36',                        '1:46.212','1:45.767',NULL      ,15,'N'),
(2022,14,'FEALME81','Alpine A522',                          '1:46.075','1:45.552','1:45.368', 5,'N'),
(2022,14,'ESOCMF96','Alpine A522',                          '1:48.050',NULL      ,NULL      , 7,'N'),
(2022,14,'PIGAMF96','AlphaTauri AT03',                      '1:46.183','1:45.827',NULL      , 9,'N'),
(2022,14,'YUTSMJ00','AlphaTauri AT03',                      '1:48.692',NULL      ,NULL      ,13,'N'),
(2022,14,'SEVEMD87','Aston Martin AMR22',                   '1:46.344',NULL      ,NULL      , 8,'N'),
(2022,14,'LASTMC98','Aston Martin AMR22',                   '1:46.256','1:46.611',NULL      ,11,'N'),
(2022,14,'NILAMC95','Williams FW44',                        '1:46.401',NULL      ,NULL      ,18,'N'),
(2022,14,'ALALMT96','Williams FW44',                        '1:45.672','1:45.675','1:45.837',10,'N'),
(2022,14,'GUZHMC99','Alfa Romeo C42',                       '1:48.264',NULL      ,NULL      ,14,'N'),
(2022,14,'VABOMF89','Alfa Romeo C42',                       '1:47.866',NULL      ,NULL      ,19,'Y'),
(2022,14,'KEMAMD92','Haas VF-22',                           '1:46.557',NULL      ,NULL      ,16,'N'),
(2022,14,'MISCMD99','Haas VF-22',                           '1:48.452',NULL      ,NULL      ,17,'N'),

(2022,15,'LEHAMU85','Mercedes-AMG F1 W13 E Performance',    '1:11.331','1:11.075','1:10.648', 4,'N'),
(2022,15,'GERUMU98','Mercedes-AMG F1 W13 E Performance',    '1:11.561','1:10.824','1:11.147', 2,'N'),
(2022,15,'MAVEMN97','Red Bull RB18',                        '1:11.317','1:10.927','1:10.342', 1,'N'),
(2022,15,'SEPEMM90','Red Bull RB18',                        '1:11.641','1:11.314','1:11.077', 5,'N'),
(2022,15,'CASAME94','Ferrari F1-75',                        '1:11.767','1:10.814','1:10.434', 8,'N'),
(2022,15,'CHLEMM97','Ferrari F1-75',                        '1:11.443','1:10.988','1:10.363', 3,'N'),
(2022,15,'LANOMU99','McLaren MCL36',                        '1:11.556','1:11.116','1:11.174', 7,'N'),
(2022,15,'DARIMA89','McLaren MCL36',                        '1:12.081',NULL      ,NULL      ,17,'N'),
(2022,15,'FEALME81','Alpine A522',                          '1:11.667','1:11.613',NULL      , 6,'N'),
(2022,15,'ESOCMF96','Alpine A522',                          '1:11.748','1:11.605',NULL      , 9,'N'),
(2022,15,'PIGAMF96','AlphaTauri AT03',                      '1:11.705','1:11.512',NULL      ,11,'N'),
(2022,15,'YUTSMJ00','AlphaTauri AT03',                      '1:11.427','1:11.428','1:12.556',20,'Y'),
(2022,15,'SEVEMD87','Aston Martin AMR22',                   '1:12.391',NULL      ,NULL      ,14,'N'),
(2022,15,'LASTMC98','Aston Martin AMR22',                   '1:11.568','1:11.416',NULL      ,10,'N'),
(2022,15,'NILAMC95','Williams FW44',                        '1:13.353',NULL      ,NULL      ,18,'N'),
(2022,15,'ALALMT96','Williams FW44',                        '1:11.695','1:11.802',NULL      ,12,'N'),
(2022,15,'GUZHMC99','Alfa Romeo C42',                       '1:11.826','1:11.704',NULL      ,16,'N'),
(2022,15,'VABOMF89','Alfa Romeo C42',                       '1:11.961',NULL      ,NULL      ,19,'Y'),
(2022,15,'KEMAMD92','Haas VF-22',                           '1:12.319',NULL      ,NULL      ,15,'N'),
(2022,15,'MISCMD99','Haas VF-22',                           '1:11.741','1:11.420','1:11.442',13,'N'),

(2022,16,'LEHAMU85','Mercedes-AMG F1 W13 E Performance',    '1:22.048','1:21.708','1:21.524', 5,'N'),
(2022,16,'GERUMU98','Mercedes-AMG F1 W13 E Performance',    '1:21.785','1:21.747','1:21.542', 3,'N'),
(2022,16,'MAVEMN97','Red Bull RB18',                        '1:20.922','1:21.265','1:20.306', 1,'N'),
(2022,16,'SEPEMM90','Red Bull RB18',                        '1:21.495','1:21.358','1:21.206', 6,'N'),
(2022,16,'CASAME94','Ferrari F1-75',                        '1:21.348','1:20.878','1:20.429', 4,'N'),
(2022,16,'CHLEMM97','Ferrari F1-75',                        '1:21.280','1:21.208','1:20.161', 2,'N'),
(2022,16,'LANOMU99','McLaren MCL36',                        '1:22.130','1:21.831','1:21.584', 7,'N'),
(2022,16,'DARIMA89','McLaren MCL36',                        '1:22.139','1:21.855','1:21.925',17,'Y'),
(2022,16,'FEALME81','Alpine A522',                          '1:22.089','1:21.861',NULL      ,19,'Y'),
(2022,16,'ESOCMF96','Alpine A522',                          '1:22.166','1:22.130',NULL      ,11,'N'),
(2022,16,'PIGAMF96','AlphaTauri AT03',                      '1:22.010','1:22.062','1:22.648', 8,'N'),
(2022,16,'YUTSMJ00','AlphaTauri AT03',                      '1:22.020',NULL      ,NULL      ,14,'N'),
(2022,16,'SEVEMD87','Aston Martin AMR22',                   '1:22.636',NULL      ,NULL      ,20,'Y'),
(2022,16,'LASTMC98','Aston Martin AMR22',                   '1:22.748',NULL      ,NULL      ,18,'Y'),
(2022,16,'NILAMC95','Williams FW44',                        '1:22.587',NULL      ,NULL      ,15,'N'),
(2022,16,'ALALMT96','Williams FW44',                        '1:22.567','1:22.471',NULL      , 9,'N'),
(2022,16,'GUZHMC99','Alfa Romeo C42',                       '1:22.003','1:22.577',NULL      ,10,'N'),
(2022,16,'VABOMF89','Alfa Romeo C42',                       '1:22.254','1:22.235',NULL      ,13,'N'),
(2022,16,'KEMAMD92','Haas VF-22',                           '1:22.908',NULL      ,NULL      ,16,'N'),
(2022,16,'MISCMD99','Haas VF-22',                           '1:23.005',NULL      ,NULL      ,12,'N'),

(2022,17,'LEHAMU85','Mercedes-AMG F1 W13 E Performance',    '1:53.161','1:52.691','1:49.466', 9,'N'),
(2022,17,'GERUMU98','Mercedes-AMG F1 W13 E Performance',    '1:54.633','1:54.012',NULL      ,14,'N'),
(2022,17,'MAVEMN97','Red Bull RB18',                        '1:53.057','1:52.723','1:51.395', 7,'N'),
(2022,17,'SEPEMM90','Red Bull RB18',                        '1:54.404','1:52.818','1:49.434', 1,'N'),
(2022,17,'CASAME94','Ferrari F1-75',                        '1:54.559','1:53.219','1:49.583', 3,'N'),
(2022,17,'CHLEMM97','Ferrari F1-75',                        '1:54.129','1:52.343','1:49.412', 2,'N'),
(2022,17,'LANOMU99','McLaren MCL36',                        '1:55.914','1:53.942','1:50.584', 4,'N'),
(2022,17,'DARIMA89','McLaren MCL36',                        '1:56.226',NULL      ,NULL      , 5,'N'),
(2022,17,'FEALME81','Alpine A522',                          '1:55.360','1:53.127','1:49.966',18,'Y'),
(2022,17,'ESOCMF96','Alpine A522',                          '1:56.337',NULL      ,NULL      ,16,'Y'),
(2022,17,'PIGAMF96','AlphaTauri AT03',                      '1:55.606','1:53.546','1:51.211',10,'N'),
(2022,17,'YUTSMJ00','AlphaTauri AT03',                      '1:55.314','1:53.848','1:51.983',15,'Y'),
(2022,17,'SEVEMD87','Aston Martin AMR22',                   '1:55.602','1:54.380',NULL      , 8,'N'),
(2022,17,'LASTMC98','Aston Martin AMR22',                   '1:55.629','1:54.211',NULL      , 6,'N'),
(2022,17,'NILAMC95','Williams FW44',                        '1:57.532',NULL      ,NULL      ,19,'Y'),
(2022,17,'ALALMT96','Williams FW44',                        '1:56.985',NULL      ,NULL      ,17,'Y'),
(2022,17,'GUZHMC99','Alfa Romeo C42',                       '1:55.375','1:55.518',NULL      ,20,'Y'),
(2022,17,'VABOMF89','Alfa Romeo C42',                       '1:56.083',NULL      ,NULL      ,11,'N'),
(2022,17,'KEMAMD92','Haas VF-22',                           '1:55.103','1:54.006','1:51.573',12,'N'),
(2022,17,'MISCMD99','Haas VF-22',                           '1:55.736','1:54.370',NULL      ,13,'N'),

(2022,18,'LEHAMU85','Mercedes-AMG F1 W13 E Performance',    '1:30.906','1:30.443','1:30.261', 5,'N'),
(2022,18,'GERUMU98','Mercedes-AMG F1 W13 E Performance',    '1:30.865','1:30.465','1:30.389', 8,'N'),
(2022,18,'MAVEMN97','Red Bull RB18',                        '1:30.224','1:30.346','1:29.304', 1,'N'),
(2022,18,'SEPEMM90','Red Bull RB18',                        '1:30.622','1:29.925','1:29.709', 2,'N'),
(2022,18,'CASAME94','Ferrari F1-75',                        '1:30.336','1:30.444','1:29.361',19,'Y'),
(2022,18,'CHLEMM97','Ferrari F1-75',                        '1:30.402','1:30.486','1:29.314', 3,'N'),
(2022,18,'LANOMU99','McLaren MCL36',                        '1:30.881','1:30.473','1:31.003',10,'N'),
(2022,18,'DARIMA89','McLaren MCL36',                        '1:30.880','1:30.659',NULL      ,11,'N'),
(2022,18,'FEALME81','Alpine A522',                          '1:30.603','1:30.343','1:30.322', 7,'N'),
(2022,18,'ESOCMF96','Alpine A522',                          '1:30.696','1:30.357','1:30.165', 4,'N'),
(2022,18,'PIGAMF96','AlphaTauri AT03',                      '1:31.322',NULL      ,NULL      ,18,'N'),
(2022,18,'YUTSMJ00','AlphaTauri AT03',                      '1:31.130','1:30.808',NULL      ,13,'N'),
(2022,18,'SEVEMD87','Aston Martin AMR22',                   '1:31.256','1:30.656','1:30.554', 6,'N'),
(2022,18,'LASTMC98','Aston Martin AMR22',                   '1:31.419',NULL      ,NULL      ,12,'N'),
(2022,18,'NILAMC95','Williams FW44',                        '1:31.511',NULL      ,NULL      , 9,'N'),
(2022,18,'ALALMT96','Williams FW44',                        '1:31.311',NULL      ,NULL      ,20,'Y'),
(2022,18,'GUZHMC99','Alfa Romeo C42',                       '1:30.894','1:30.953',NULL      ,16,'N'),
(2022,18,'VABOMF89','Alfa Romeo C42',                       '1:31.226','1:30.709',NULL      ,15,'N'),
(2022,18,'KEMAMD92','Haas VF-22',                           '1:31.352',NULL      ,NULL      ,14,'N'),
(2022,18,'MISCMD99','Haas VF-22',                           '1:31.152','1:31.439',NULL      ,17,'N'),

(2022,19,'LEHAMU85','Mercedes-AMG F1 W13 E Performance',    '1:36.148','1:35.732','1:34.947', 2,'N'),
(2022,19,'GERUMU98','Mercedes-AMG F1 W13 E Performance',    '1:36.195','1:35.692','1:34.988', 5,'N'),
(2022,19,'MAVEMN97','Red Bull RB18',                        '1:35.864','1:35.294','1:34.448', 1,'N'),
(2022,19,'SEPEMM90','Red Bull RB18',                        '1:36.163','1:35.864','1:34.645', 4,'N'),
(2022,19,'CASAME94','Ferrari F1-75',                        '1:35.297','1:35.590','1:34.356',20,'Y'),
(2022,19,'CHLEMM97','Ferrari F1-75',                        '1:35.795','1:35.246','1:34.421', 3,'N'),
(2022,19,'LANOMU99','McLaren MCL36',                        '1:36.465','1:36.341','1:35.690', 6,'N'),
(2022,19,'DARIMA89','McLaren MCL36',                        '1:37.046',NULL      ,NULL      ,16,'N'),
(2022,19,'FEALME81','Alpine A522',                          '1:36.446','1:35.988','1:35.876', 7,'N'),
(2022,19,'ESOCMF96','Alpine A522',                          '1:37.068',NULL      ,NULL      ,11,'N'),
(2022,19,'PIGAMF96','AlphaTauri AT03',                      '1:36.577','1:36.740',NULL      ,14,'N'),
(2022,19,'YUTSMJ00','AlphaTauri AT03',                      '1:36.808','1:37.147',NULL      ,10,'N'),
(2022,19,'SEVEMD87','Aston Martin AMR22',                   '1:36.695','1:36.398',NULL      , 8,'N'),
(2022,19,'LASTMC98','Aston Martin AMR22',                   '1:36.860','1:36.032','1:35.598',18,'Y'),
(2022,19,'NILAMC95','Williams FW44',                        '1:37.244',NULL      ,NULL      ,17,'N'),
(2022,19,'ALALMT96','Williams FW44',                        '1:36.932','1:36.368',NULL      ,13,'N'),
(2022,19,'GUZHMC99','Alfa Romeo C42',                       '1:36.656','1:36.970',NULL      ,12,'N'),
(2022,19,'VABOMF89','Alfa Romeo C42',                       '1:36.746','1:36.321','1:36.319',19,'Y'),
(2022,19,'KEMAMD92','Haas VF-22',                           '1:36.949',NULL      ,NULL      , 9,'N'),
(2022,19,'MISCMD99','Haas VF-22',                           '1:37.111',NULL      ,NULL      ,15,'N'),

(2022,20,'LEHAMU85','Mercedes-AMG F1 W13 E Performance',    '1:19.169','1:18.552','1:18.084', 2,'N'),
(2022,20,'GERUMU98','Mercedes-AMG F1 W13 E Performance',    '1:19.583','1:18.565','1:18.079', 4,'N'),
(2022,20,'MAVEMN97','Red Bull RB18',                        '1:19.222','1:18.566','1:17.775', 1,'N'),
(2022,20,'SEPEMM90','Red Bull RB18',                        '1:19.706','1:18.615','1:18.128', 3,'N'),
(2022,20,'CASAME94','Ferrari F1-75',                        '1:19.566','1:18.560','1:18.351', 5,'N'),
(2022,20,'CHLEMM97','Ferrari F1-75',                        '1:19.505','1:19.109','1:18.555', 6,'N'),
(2022,20,'LANOMU99','McLaren MCL36',                        '1:19.857','1:19.119','1:18.721', 9,'N'),
(2022,20,'DARIMA89','McLaren MCL36',                        '1:20.279','1:19.325',NULL      , 7,'N'),
(2022,20,'FEALME81','Alpine A522',                          '1:20.006','1:19.272','1:18.939',19,'Y'),
(2022,20,'ESOCMF96','Alpine A522',                          '1:19.945','1:19.081','1:19.010', 8,'N'),
(2022,20,'PIGAMF96','AlphaTauri AT03',                      '1:20.256','1:19.672',NULL      ,11,'N'),
(2022,20,'YUTSMJ00','AlphaTauri AT03',                      '1:19.907','1:19.589',NULL      ,20,'Y'),
(2022,20,'SEVEMD87','Aston Martin AMR22',                   '1:20.419',NULL      ,NULL      ,14,'N'),
(2022,20,'LASTMC98','Aston Martin AMR22',                   '1:20.520',NULL      ,NULL      ,15,'N'),
(2022,20,'NILAMC95','Williams FW44',                        '1:21.167',NULL      ,NULL      ,18,'N'),
(2022,20,'ALALMT96','Williams FW44',                        '1:20.859',NULL      ,NULL      ,12,'N'),
(2022,20,'GUZHMC99','Alfa Romeo C42',                       '1:20.283','1:19.476',NULL      ,13,'N'),
(2022,20,'VABOMF89','Alfa Romeo C42',                       '1:19.523','1:18.762','1:18.401',10,'N'),
(2022,20,'KEMAMD92','Haas VF-22',                           '1:20.293','1:19.833',NULL      ,17,'N'),
(2022,20,'MISCMD99','Haas VF-22',                           '1:20.419',NULL      ,NULL      ,16,'N'),

(2022,21,'LEHAMU85','Mercedes-AMG F1 W13 E Performance',    '1:13.403','1:11.539','1:12.611', 2,'N'),
(2022,21,'GERUMU98','Mercedes-AMG F1 W13 E Performance',    '1:14.427','1:11.318','1:12.059', 1,'N'),
(2022,21,'MAVEMN97','Red Bull RB18',                        '1:13.625','1:10.881','1:11.877', 6,'N'),
(2022,21,'SEPEMM90','Red Bull RB18',                        '1:13.613','1:11.456','1:15.601', 7,'N'),
(2022,21,'CASAME94','Ferrari F1-75',                        '1:14.680','1:10.890','1:12.357', 3,'N'),
(2022,21,'CHLEMM97','Ferrari F1-75',                        '1:14.486','1:10.950',NULL      , 4,'N'),
(2022,21,'LANOMU99','McLaren MCL36',                        '1:13.106','1:11.377','1:12.263',18,'Y'),
(2022,21,'DARIMA89','McLaren MCL36',                        '1:14.931','1:12.140',NULL      ,20,'Y'),
(2022,21,'FEALME81','Alpine A522',                          '1:13.542','1:11.394','1:12.504', 5,'N'),
(2022,21,'ESOCMF96','Alpine A522',                          '1:14.663','1:11.587','1:12.425', 8,'N'),
(2022,21,'PIGAMF96','AlphaTauri AT03',                      '1:14.371','1:11.675',NULL      ,14,'N'),
(2022,21,'YUTSMJ00','AlphaTauri AT03',                      '1:16.264',NULL      ,NULL      ,17,'N'),
(2022,21,'SEVEMD87','Aston Martin AMR22',                   '1:13.597','1:11.678',NULL      ,11,'N'),
(2022,21,'LASTMC98','Aston Martin AMR22',                   '1:14.398','1:12.210',NULL      ,10,'N'),
(2022,21,'NILAMC95','Williams FW44',                        '1:15.095',NULL      ,NULL      ,16,'N'),
(2022,21,'ALALMT96','Williams FW44',                        '1:14.324','1:11.631',NULL      ,15,'N'),
(2022,21,'GUZHMC99','Alfa Romeo C42',                       '1:15.197',NULL      ,NULL      ,12,'N'),
(2022,21,'VABOMF89','Alfa Romeo C42',                       '1:15.486',NULL      ,NULL      , 9,'N'),
(2022,21,'KEMAMD92','Haas VF-22',                           '1:13.954','1:11.410','1:11.674',19,'Y'),
(2022,21,'MISCMD99','Haas VF-22',                           '1:16.361',NULL      ,NULL      ,13,'N'),

(2022,22,'LEHAMU85','Mercedes-AMG F1 W13 E Performance',    '1:25.594','1:24.774','1:24.508',18,'Y'),
(2022,22,'GERUMU98','Mercedes-AMG F1 W13 E Performance',    '1:25.545','1:24.940','1:24.511', 5,'N'),
(2022,22,'MAVEMN97','Red Bull RB18',                        '1:24.754','1:24.622','1:23.824', 1,'N'),
(2022,22,'SEPEMM90','Red Bull RB18',                        '1:24.820','1:24.419','1:24.052', 3,'N'),
(2022,22,'CASAME94','Ferrari F1-75',                        '1:25.090','1:24.521','1:24.242', 4,'N'),
(2022,22,'CHLEMM97','Ferrari F1-75',                        '1:25.211','1:24.517','1:24.092', 2,'N'),
(2022,22,'LANOMU99','McLaren MCL36',                        '1:25.387','1:24.903','1:24.769', 6,'N'),
(2022,22,'DARIMA89','McLaren MCL36',                        '1:25.766','1:25.068','1:25.045', 9,'N'),
(2022,22,'FEALME81','Alpine A522',                          '1:25.782','1:25.096',NULL      ,20,'Y'),
(2022,22,'ESOCMF96','Alpine A522',                          '1:25.735','1:25.007','1:24.830', 7,'N'),
(2022,22,'PIGAMF96','AlphaTauri AT03',                      '1:25.859',NULL      ,NULL      ,14,'N'),
(2022,22,'YUTSMJ00','AlphaTauri AT03',                      '1:25.630','1:25.219',NULL      ,11,'N'),
(2022,22,'SEVEMD87','Aston Martin AMR22',                   '1:25.523','1:24.974','1:24.961',10,'N'),
(2022,22,'LASTMC98','Aston Martin AMR22',                   '1:25.741','1:25.359',NULL      , 8,'N'),
(2022,22,'NILAMC95','Williams FW44',                        '1:26.054',NULL      ,NULL      ,19,'Y'),
(2022,22,'ALALMT96','Williams FW44',                        '1:26.028',NULL      ,NULL      ,13,'N'),
(2022,22,'GUZHMC99','Alfa Romeo C42',                       '1:25.594','1:25.408',NULL      ,12,'N'),
(2022,22,'VABOMF89','Alfa Romeo C42',                       '1:25.892',NULL      ,NULL      ,15,'N'),
(2022,22,'KEMAMD92','Haas VF-22',                           '1:25.834',NULL      ,NULL      ,17,'N'),
(2022,22,'MISCMD99','Haas VF-22',                           '1:25.711','1:25.225',NULL      ,16,'N'), /*2022*/



(2021, 1,'LEHAMU85','Mercedes-AMG F1 W12 E Performance',    '1:30.617','1:30.085','1:29.385', 1,'N'),
(2021, 1,'VABOMF89','Mercedes-AMG F1 W12 E Performance',    '1:31.200','1:30.186','1:29.586', 3,'N'),
(2021, 1,'MAVEMN97','Red Bull RB16B',                       '1:30.499','1:30.318','1:28.997', 2,'N'),
(2021, 1,'SEPEMM90','Red Bull RB16B',                       '1:31.165','1:30.659',NULL      , 5,'N'),
(2021, 1,'CASAME94','Ferrari SF21',                         '1:31.653','1:30.009','1:30.215', 8,'N'),
(2021, 1,'CHLEMM97','Ferrari SF21',                         '1:30.691','1:30.010','1:29.678', 6,'N'),
(2021, 1,'LANOMU99','McLaren MCL35M',                       '1:30.902','1:30.099','1:29.974', 4,'N'),
(2021, 1,'DARIMA89','McLaren MCL35M',                       '1:30.795','1:30.222','1:29.927', 7,'N'),
(2021, 1,'FEALME81','Alpine A521',                          '1:30.863','1:30.595','1:30.249',19,'Y'),
(2021, 1,'ESOCMF96','Alpine A521',                          '1:31.724',NULL      ,NULL      ,13,'N'),
(2021, 1,'PIGAMF96','AlphaTauri AT02',                      '1:30.848','1:30.513','1:29.809',17,'N'),
(2021, 1,'YUTSMJ00','AlphaTauri AT02',                      '1:30.607','1:31.203',NULL      , 9,'N'),
(2021, 1,'SEVEMD87','Aston Martin AMR21',                   '1:32.056',NULL      ,NULL      ,15,'N'),
(2021, 1,'LASTMC98','Aston Martin AMR21',                   '1:31.261','1:30.624','1:30.601',10,'N'),
(2021, 1,'NILAMC95','Williams FW43B',                       '1:31.936',NULL      ,NULL      ,18,'N'),
(2021, 1,'GERUMU98','Williams FW43B',                       '1:31.316','1:33.430',NULL      ,14,'N'),
(2021, 1,'KIRAMF79','Alfa Romeo Racing C41',                '1:31.547','1:31.238',NULL      ,11,'N'),
(2021, 1,'ANGIMI93','Alfa Romeo Racing C41',                '1:30.998','1:30.708',NULL      ,12,'N'),
(2021, 1,'NIMAMR99','Haas VF-21',                           '1:33.273',NULL      ,NULL      ,20,'Y'),
(2021, 1,'MISCMD99','Haas VF-21',                           '1:32.449',NULL      ,NULL      ,16,'N'),

(2021, 2,'LEHAMU85','Mercedes-AMG F1 W12 E Performance',    '1:14.823','1:14.817','1:14.411', 2,'N'),
(2021, 2,'VABOMF89','Mercedes-AMG F1 W12 E Performance',    '1:14.672','1:14.905','1:14.898',18,'Y'),
(2021, 2,'MAVEMN97','Red Bull RB16B',                       '1:15.109','1:14.884','1:14.498', 1,'N'),
(2021, 2,'SEPEMM90','Red Bull RB16B',                       '1:15.395','1:14.716','1:14.446',11,'N'),
(2021, 2,'CASAME94','Ferrari SF21',                         '1:15.406','1:15.199',NULL      , 5,'N'),
(2021, 2,'CHLEMM97','Ferrari SF21',                         '1:15.413','1:14.808','1:14.740', 4,'N'),
(2021, 2,'LANOMU99','McLaren MCL35M',                       '1:15.009','1:14.718','1:14.875', 3,'N'),
(2021, 2,'DARIMA89','McLaren MCL35M',                       '1:15.669','1:15.033','1:14.826', 6,'N'),
(2021, 2,'FEALME81','Alpine A521',                          '1:15.832','1:15.593',NULL      ,10,'N'),
(2021, 2,'ESOCMF96','Alpine A521',                          '1:15.385','1:15.117','1:15.210', 9,'N'),
(2021, 2,'PIGAMF96','AlphaTauri AT02',                      '1:15.548','1:14.927','1:14.790', 7,'N'),
(2021, 2,'YUTSMJ00','AlphaTauri AT02',                      '1:19.899',NULL      ,NULL      ,12,'N'),
(2021, 2,'SEVEMD87','Aston Martin AMR21',                   '1:15.459','1:15.394',NULL      ,15,'N'),
(2021, 2,'LASTMC98','Aston Martin AMR21',                   '1:15.522','1:15.138',NULL      , 8,'N'),
(2021, 2,'NILAMC95','Williams FW43B',                       '1:15.653','1:15.593',NULL      ,20,'Y'),
(2021, 2,'GERUMU98','Williams FW43B',                       '1:15.826','1:15.261',NULL      ,19,'Y'),
(2021, 2,'KIRAMF79','Alfa Romeo Racing C41',                '1:15.974',NULL      ,NULL      ,13,'N'),
(2021, 2,'ANGIMI93','Alfa Romeo Racing C41',                '1:16.122',NULL      ,NULL      ,14,'N'),
(2021, 2,'NIMAMR99','Haas VF-21',                           '1:16.797',NULL      ,NULL      ,17,'N'),
(2021, 2,'MISCMD99','Haas VF-21',                           '1:16.279',NULL      ,NULL      ,16,'N'),

(2021, 3,'LEHAMU85','Mercedes-AMG F1 W12 E Performance',    '1:18.857','1:17.968','1:18.355', 1,'N'),
(2021, 3,'VABOMF89','Mercedes-AMG F1 W12 E Performance',    '1:18.722','1:18.458','1:18.348', 3,'N'),
(2021, 3,'MAVEMN97','Red Bull RB16B',                       '1:19.485','1:18.650','1:18.746', 1,'N'),
(2021, 3,'SEPEMM90','Red Bull RB16B',                       '1:19.337','1:18.845','1:18.890', 4,'N'),
(2021, 3,'CASAME94','Ferrari SF21',                         '1:19.309','1:18.813','1:19.039',11,'N'),
(2021, 3,'CHLEMM97','Ferrari SF21',                         '1:19.373','1:18.769','1:19.306', 6,'N'),
(2021, 3,'LANOMU99','McLaren MCL35M',                       '1:18.794','1:18.481','1:19.116', 5,'N'),
(2021, 3,'DARIMA89','McLaren MCL35M',                       '1:19.839',NULL      ,NULL      , 9,'N'),
(2021, 3,'FEALME81','Alpine A521',                          '1:19.728','1:19.456',NULL      , 8,'N'),
(2021, 3,'ESOCMF96','Alpine A521',                          '1:19.092','1:18.586','1:19.042', 7,'N'),
(2021, 3,'PIGAMF96','AlphaTauri AT02',                      '1:19.464','1:19.052','1:19.475',10,'N'),
(2021, 3,'YUTSMJ00','AlphaTauri AT02',                      '1:19.684','1:19.463',NULL      ,15,'N'),
(2021, 3,'SEVEMD87','Aston Martin AMR21',                   '1:19.403','1:18.970','1:19.659',13,'N'),
(2021, 3,'LASTMC98','Aston Martin AMR21',                   '1:19.913',NULL      ,NULL      ,14,'N'),
(2021, 3,'NILAMC95','Williams FW43B',                       '1:20.285',NULL      ,NULL      ,18,'N'),
(2021, 3,'GERUMU98','Williams FW43B',                       '1:19.797','1:19.109',NULL      ,16,'N'),
(2021, 3,'KIRAMF79','Alfa Romeo Racing C41',                '1:19.748','1:19.812',NULL      ,20,'Y'),
(2021, 3,'ANGIMI93','Alfa Romeo Racing C41',                '1:19.410','1:19.216',NULL      ,12,'N'),
(2021, 3,'NIMAMR99','Haas VF-21',                           '1:20.912',NULL      ,NULL      ,19,'N'),
(2021, 3,'MISCMD99','Haas VF-21',                           '1:20.452',NULL      ,NULL      ,17,'N'),

(2021, 4,'LEHAMU85','Mercedes-AMG F1 W12 E Performance',    '1:18.245','1:17.166','1:16.741', 1,'N'),
(2021, 4,'VABOMF89','Mercedes-AMG F1 W12 E Performance',    '1:18.005','1:17.142','1:16.873', 3,'N'),
(2021, 4,'MAVEMN97','Red Bull RB16B',                       '1:18.090','1:16.922','1:16.777', 2,'N'),
(2021, 4,'SEPEMM90','Red Bull RB16B',                       '1:18.203','1:17.669','1:17.701', 5,'N'),
(2021, 4,'CASAME94','Ferrari SF21',                         '1:18.205','1:17.656','1:17.620', 7,'N'),
(2021, 4,'CHLEMM97','Ferrari SF21',                         '1:18.041','1:17.717','1:17.510', 4,'N'),
(2021, 4,'LANOMU99','McLaren MCL35M',                       '1:17.821','1:17.696','1:18.010', 8,'N'),
(2021, 4,'DARIMA89','McLaren MCL35M',                       '1:18.264','1:17.719','1:17.622', 6,'N'),
(2021, 4,'FEALME81','Alpine A521',                          '1:18.281','1:17.966','1:18.147',17,'N'),
(2021, 4,'ESOCMF96','Alpine A521',                          '1:18.281','1:17.743','1:17.580', 9,'N'),
(2021, 4,'PIGAMF96','AlphaTauri AT02',                      '1:18.190','1:17.982',NULL      ,10,'N'),
(2021, 4,'YUTSMJ00','AlphaTauri AT02',                      '1:18.556',NULL      ,NULL      ,20,'Y'),
(2021, 4,'SEVEMD87','Aston Martin AMR21',                   '1:18.289','1:18.079',NULL      ,13,'N'),
(2021, 4,'LASTMC98','Aston Martin AMR21',                   '1:18.241','1:17.974',NULL      ,11,'N'),
(2021, 4,'NILAMC95','Williams FW43B',                       '1:19.219',NULL      ,NULL      ,16,'N'),
(2021, 4,'GERUMU98','Williams FW43B',                       '1:18.445','1:19.154',NULL      ,14,'N'),
(2021, 4,'KIRAMF79','Alfa Romeo Racing C41',                '1:18.917',NULL      ,NULL      ,12,'N'),
(2021, 4,'ANGIMI93','Alfa Romeo Racing C41',                '1:18.549','1:18.356',NULL      ,15,'N'),
(2021, 4,'NIMAMR99','Haas VF-21',                           '1:19.807',NULL      ,NULL      ,19,'N'),
(2021, 4,'MISCMD99','Haas VF-21',                           '1:19.117',NULL      ,NULL      ,18,'N'),

(2021, 5,'LEHAMU85','Mercedes-AMG F1 W12 E Performance',    '1:11.622','1:11.116','1:11.095', 7,'N'),
(2021, 5,'VABOMF89','Mercedes-AMG F1 W12 E Performance',    '1:10.938','1:10.695','1:10.601',19,'Y'),
(2021, 5,'MAVEMN97','Red Bull RB16B',                       '1:11.124','1:10.650','1:10.576', 1,'N'),
(2021, 5,'SEPEMM90','Red Bull RB16B',                       '1:11.644','1:11.019','1:11.573', 4,'N'),
(2021, 5,'CASAME94','Ferrari SF21',                         '1:11.324','1:10.806','1:10.611', 2,'N'),
(2021, 5,'CHLEMM97','Ferrari SF21',                         '1:11.113','1:10.597','1:10.346',20,'Y'),
(2021, 5,'LANOMU99','McLaren MCL35M',                       '1:11.321','1:11.031','1:10.620', 3,'N'),
(2021, 5,'DARIMA89','McLaren MCL35M',                       '1:11.747','1:11.598',NULL      ,12,'N'),
(2021, 5,'FEALME81','Alpine A521',                          '1:12.205',NULL      ,NULL      ,13,'N'),
(2021, 5,'ESOCMF96','Alpine A521',                          '1:11.740','1:11.486',NULL      , 9,'N'),
(2021, 5,'PIGAMF96','AlphaTauri AT02',                      '1:11.560','1:11.179','1:10.900', 6,'N'),
(2021, 5,'YUTSMJ00','AlphaTauri AT02',                      '1:12.096',NULL      ,NULL      ,16,'N'),
(2021, 5,'SEVEMD87','Aston Martin AMR21',                   '1:12.078','1:11.309','1:11.419', 5,'N'),
(2021, 5,'LASTMC98','Aston Martin AMR21',                   '1:11.979','1:11.600',NULL      , 8,'N'),
(2021, 5,'NILAMC95','Williams FW43B',                       '1:12.366',NULL      ,NULL      ,15,'N'),
(2021, 5,'GERUMU98','Williams FW43B',                       '1:12.016','1:11.830',NULL      ,14,'N'),
(2021, 5,'KIRAMF79','Alfa Romeo Racing C41',                '1:11.899','1:11.642',NULL      ,11,'N'),
(2021, 5,'ANGIMI93','Alfa Romeo Racing C41',                '1:11.658','1:11.409','1:11.779',10,'N'),
(2021, 5,'NIMAMR99','Haas VF-21',                           '1:12.958',NULL      ,NULL      ,17,'N'),
(2021, 5,'MISCMD99','Haas VF-21',                           '1:12.975',NULL      ,NULL      ,18,'N'),

(2021, 6,'LEHAMU85','Mercedes-AMG F1 W12 E Performance',    '1:41.545','1:41.634','1:41.450',15,'N'),
(2021, 6,'VABOMF89','Mercedes-AMG F1 W12 E Performance',    '1:42.701','1:42.106','1:42.659',12,'N'),
(2021, 6,'MAVEMN97','Red Bull RB16B',                       '1:41.760','1:41.625','1:41.563',18,'Y'),
(2021, 6,'SEPEMM90','Red Bull RB16B',                       '1:41.968','1:41.630','1:41.917', 1,'N'),
(2021, 6,'CASAME94','Ferrari SF21',                         '1:42.121','1:41.740','1:41.576', 8,'N'),
(2021, 6,'CHLEMM97','Ferrari SF21',                         '1:42.241','1:41.659','1:41.218', 4,'N'),
(2021, 6,'LANOMU99','McLaren MCL35M',                       '1:42.167','1:41.813','1:41.747', 5,'N'),
(2021, 6,'DARIMA89','McLaren MCL35M',                       '1:42.304','1:42.558',NULL      , 9,'N'),
(2021, 6,'FEALME81','Alpine A521',                          '1:42.934','1:42.195','1:42.327', 6,'N'),
(2021, 6,'ESOCMF96','Alpine A521',                          '1:42.426','1:42.273',NULL      ,20,'Y'),
(2021, 6,'PIGAMF96','AlphaTauri AT02',                      '1:42.288','1:41.932','1:41.565', 3,'N'),
(2021, 6,'YUTSMJ00','AlphaTauri AT02',                      '1:42.521','1:41.654','1:42.211', 7,'N'),
(2021, 6,'SEVEMD87','Aston Martin AMR21',                   '1:42.460','1:42.224',NULL      , 2,'N'),
(2021, 6,'LASTMC98','Aston Martin AMR21',                   '1:48.623',NULL      ,NULL      ,19,'Y'),
(2021, 6,'NILAMC95','Williams FW43B',                       '1:43.128',NULL      ,NULL      ,16,'N'),
(2021, 6,'GERUMU98','Williams FW43B',                       '1:42.728','1:42.758',NULL      ,17,'N'),
(2021, 6,'KIRAMF79','Alfa Romeo Racing C41',                '1:42.923','1:42.587',NULL      ,10,'N'),
(2021, 6,'ANGIMI93','Alfa Romeo Racing C41',                '1:48.653',NULL      ,NULL      ,11,'N'),
(2021, 6,'NIMAMR99','Haas VF-21',                           '1:44.238',NULL      ,NULL      ,14,'N'),
(2021, 6,'MISCMD99','Haas VF-21',                           '1:44.158',NULL      ,NULL      ,13,'N'),

(2021, 7,'LEHAMU85','Mercedes-AMG F1 W12 E Performance',    '1:31.237','1:30.788','1:30.248', 2,'N'),
(2021, 7,'VABOMF89','Mercedes-AMG F1 W12 E Performance',    '1:31.669','1:30.735','1:30.376', 4,'N'),
(2021, 7,'MAVEMN97','Red Bull RB16B',                       '1:31.001','1:31.080','1:29.990', 1,'N'),
(2021, 7,'SEPEMM90','Red Bull RB16B',                       '1:31.560','1:30.971','1:30.445', 3,'N'),
(2021, 7,'CASAME94','Ferrari SF21',                         '1:32.079','1:31.146','1:30.840',11,'N'),
(2021, 7,'CHLEMM97','Ferrari SF21',                         '1:32.209','1:31.567','1:30.987',16,'N'),
(2021, 7,'LANOMU99','McLaren MCL35M',                       '1:31.733','1:31.542','1:31.252', 5,'N'),
(2021, 7,'DARIMA89','McLaren MCL35M',                       '1:32.181','1:31.615','1:31.382', 6,'N'),
(2021, 7,'FEALME81','Alpine A521',                          '1:32.158','1:31.549','1:31.340', 8,'N'),
(2021, 7,'ESOCMF96','Alpine A521',                          '1:32.139','1:31.736',NULL      ,14,'N'),
(2021, 7,'PIGAMF96','AlphaTauri AT02',                      '1:31.898','1:31.353','1:30.868', 7,'N'),
(2021, 7,'YUTSMJ00','AlphaTauri AT02',                      '2:13.584',NULL      ,NULL      ,13,'N'),
(2021, 7,'SEVEMD87','Aston Martin AMR21',                   '1:32.132','1:31.767',NULL      , 9,'N'),
(2021, 7,'LASTMC98','Aston Martin AMR21',                   '2:12.584',NULL      ,NULL      ,10,'N'),
(2021, 7,'NILAMC95','Williams FW43B',                       '1:33.062',NULL      ,NULL      ,18,'N'),
(2021, 7,'GERUMU98','Williams FW43B',                       '1:33.060','1:32.065',NULL      ,12,'N'),
(2021, 7,'KIRAMF79','Alfa Romeo Racing C41',                '1:33.354',NULL      ,NULL      ,17,'N'),
(2021, 7,'ANGIMI93','Alfa Romeo Racing C41',                '1:32.722','1:31.813',NULL      ,15,'N'),
(2021, 7,'NIMAMR99','Haas VF-21',                           '1:33.554',NULL      ,NULL      ,20,'N'),
(2021, 7,'MISCMD99','Haas VF-21',                           '1:32.942',NULL      ,NULL      ,19,'N'),

(2021, 8,'LEHAMU85','Mercedes-AMG F1 W12 E Performance',    '1:04.672','1:04.512','1:04.067', 2,'N'),
(2021, 8,'VABOMF89','Mercedes-AMG F1 W12 E Performance',    '1:04.537','1:04.443','1:04.035', 3,'N'),
(2021, 8,'MAVEMN97','Red Bull RB16B',                       '1:04.489','1:04.433','1:03.841', 1,'N'),
(2021, 8,'SEPEMM90','Red Bull RB16B',                       '1:04.638','1:04.197','1:04.168', 4,'N'),
(2021, 8,'CASAME94','Ferrari SF21',                         '1:04.859','1:04.800',NULL      , 6,'N'),
(2021, 8,'CHLEMM97','Ferrari SF21',                         '1:04.745','1:04.646','1:04.472', 7,'N'),
(2021, 8,'LANOMU99','McLaren MCL35M',                       '1:04.584','1:04.298','1:04.120', 5,'N'),
(2021, 8,'DARIMA89','McLaren MCL35M',                       '1:05.142','1:04.808',NULL      ,13,'N'),
(2021, 8,'FEALME81','Alpine A521',                          '1:04.971','1:04.582','1:04.574', 9,'N'),
(2021, 8,'ESOCMF96','Alpine A521',                          '1:05.217',NULL      ,NULL      ,14,'N'),
(2021, 8,'PIGAMF96','AlphaTauri AT02',                      '1:04.765','1:04.429','1:04.236',20,'Y'),
(2021, 8,'YUTSMJ00','AlphaTauri AT02',                      '1:04.608','1:04.631','1:04.514',10,'N'),
(2021, 8,'SEVEMD87','Aston Martin AMR21',                   '1:05.051','1:04.875',NULL      ,12,'N'),
(2021, 8,'LASTMC98','Aston Martin AMR21',                   '1:04.821','1:04.663','1:04.708', 8,'N'),
(2021, 8,'NILAMC95','Williams FW43B',                       '1:05.175',NULL      ,NULL      ,17,'N'),
(2021, 8,'GERUMU98','Williams FW43B',                       '1:05.033','1:04.671',NULL      ,19,'Y'),
(2021, 8,'KIRAMF79','Alfa Romeo Racing C41',                '1:05.429',NULL      ,NULL      ,11,'N'),
(2021, 8,'ANGIMI93','Alfa Romeo Racing C41',                '1:05.092','1:04.913',NULL      ,15,'N'),
(2021, 8,'NIMAMR99','Haas VF-21',                           '1:06.192',NULL      ,NULL      ,18,'N'),
(2021, 8,'MISCMD99','Haas VF-21',                           '1:06.041',NULL      ,NULL      ,16,'N'),

(2021, 9,'LEHAMU85','Mercedes-AMG F1 W12 E Performance',    '1:04.506','1:04.258','1:04.014', 4,'N'),
(2021, 9,'VABOMF89','Mercedes-AMG F1 W12 E Performance',    '1:04.563','1:04.376','1:04.049', 2,'N'),
(2021, 9,'MAVEMN97','Red Bull RB16B',                       '1:04.249','1:03.927','1:03.720', 1,'N'),
(2021, 9,'SEPEMM90','Red Bull RB16B',                       '1:04.833','1:04.483','1:03.990', 6,'N'),
(2021, 9,'CASAME94','Ferrari SF21',                         '1:04.596','1:04.559',NULL      , 5,'N'),
(2021, 9,'CHLEMM97','Ferrari SF21',                         '1:04.906','1:04.600',NULL      , 8,'N'),
(2021, 9,'LANOMU99','McLaren MCL35M',                       '1:04.345','1:04.415','1:03.768', 3,'N'),
(2021, 9,'DARIMA89','McLaren MCL35M',                       '1:04.977','1:04.719',NULL      , 7,'N'),
(2021, 9,'FEALME81','Alpine A521',                          '1:04.472','1:04.856',NULL      ,10,'N'),
(2021, 9,'ESOCMF96','Alpine A521',                          '1:05.051',NULL      ,NULL      ,20,'Y'),
(2021, 9,'PIGAMF96','AlphaTauri AT02',                      '1:04.841','1:04.412','1:04.107', 9,'N'),
(2021, 9,'YUTSMJ00','AlphaTauri AT02',                      '1:04.967','1:04.518','1:04.273',12,'N'),
(2021, 9,'SEVEMD87','Aston Martin AMR21',                   '1:04.846','1:04.493','1:04.570',17,'N'),
(2021, 9,'LASTMC98','Aston Martin AMR21',                   '1:04.927','1:04.547','1:04.618',13,'N'),
(2021, 9,'NILAMC95','Williams FW43B',                       '1:05.195',NULL      ,NULL      ,16,'N'),
(2021, 9,'GERUMU98','Williams FW43B',                       '1:04.907','1:04.553','1:04.591',11,'N'),
(2021, 9,'KIRAMF79','Alfa Romeo Racing C41',                '1:05.009',NULL      ,NULL      ,15,'N'),
(2021, 9,'ANGIMI93','Alfa Romeo Racing C41',                '1:04.782','1:05.083',NULL      ,14,'N'),
(2021, 9,'NIMAMR99','Haas VF-21',                           '1:05.951',NULL      ,NULL      ,19,'N'),
(2021, 9,'MISCMD99','Haas VF-21',                           '1:05.427',NULL      ,NULL      ,18,'N'),

(2021,10,'LEHAMU85','Mercedes-AMG F1 W12 E Performance',    '1:26.786','1:26.023','1:26.134', 1,'N'),
(2021,10,'VABOMF89','Mercedes-AMG F1 W12 E Performance',    '1:27.487','1:26.764','1:26.328', 3,'N'),
(2021,10,'MAVEMN97','Red Bull RB16B',                       '1:26.751','1:26.315','1:26.209',20,'Y'),
(2021,10,'SEPEMM90','Red Bull RB16B',                       '1:27.121','1:27.073','1:26.844',16,'N'),
(2021,10,'CASAME94','Ferrari SF21',                         '1:27.337','1:26.848','1:27.007', 6,'N'),
(2021,10,'CHLEMM97','Ferrari SF21',                         '1:27.051','1:26.919','1:26.828', 2,'N'),
(2021,10,'LANOMU99','McLaren MCL35M',                       '1:27.444','1:27.220','1:26.897', 4,'N'),
(2021,10,'DARIMA89','McLaren MCL35M',                       '1:27.323','1:27.125','1:26.899', 5,'N'),
(2021,10,'FEALME81','Alpine A521',                          '1:27.580','1:27.245',NULL      , 7,'N'),
(2021,10,'ESOCMF96','Alpine A521',                          '1:27.415','1:27.340',NULL      , 9,'N'),
(2021,10,'PIGAMF96','AlphaTauri AT02',                      '1:27.600','1:27.273',NULL      ,11,'N'),
(2021,10,'YUTSMJ00','AlphaTauri AT02',                      '1:28.043',NULL      ,NULL      ,10,'N'),
(2021,10,'SEVEMD87','Aston Martin AMR21',                   '1:27.493','1:27.103','1:27.179',19,'Y'),
(2021,10,'LASTMC98','Aston Martin AMR21',                   '1:28.017','1:27.665',NULL      , 8,'N'),
(2021,10,'NILAMC95','Williams FW43B',                       '1:28.254',NULL      ,NULL      ,14,'N'),
(2021,10,'GERUMU98','Williams FW43B',                       '1:27.671','1:27.080','1:26.971',12,'N'),
(2021,10,'KIRAMF79','Alfa Romeo Racing C41',                '1:28.062',NULL      ,NULL      ,15,'N'),
(2021,10,'ANGIMI93','Alfa Romeo Racing C41',                '1:27.595','1:27.617',NULL      ,13,'N'),
(2021,10,'NIMAMR99','Haas VF-21',                           '1:29.051',NULL      ,NULL      ,17,'N'),
(2021,10,'MISCMD99','Haas VF-21',                           '1:28.738',NULL      ,NULL      ,18,'N'),

(2021,11,'LEHAMU85','Mercedes-AMG F1 W12 E Performance',    '1:16.424','1:16.553','1:15.419', 2,'N'),
(2021,11,'VABOMF89','Mercedes-AMG F1 W12 E Performance',    '1:16.569','1:16.702','1:15.734',16,'Y'),
(2021,11,'MAVEMN97','Red Bull RB16B',                       '1:16.214','1:15.650','1:15.840', 9,'N'),
(2021,11,'SEPEMM90','Red Bull RB16B',                       '1:17.233','1:16.443','1:16.421',17,'Y'),
(2021,11,'CASAME94','Ferrari SF21',                         '1:16.649',NULL      ,NULL      , 3,'N'),
(2021,11,'CHLEMM97','Ferrari SF21',                         '1:17.084','1:16.574','1:16.496',18,'Y'),
(2021,11,'LANOMU99','McLaren MCL35M',                       '1:17.081','1:16.385','1:16.489',15,'Y'),
(2021,11,'DARIMA89','McLaren MCL35M',                       '1:17.664','1:16.871',NULL      ,11,'N'),
(2021,11,'FEALME81','Alpine A521',                          '1:17.123','1:16.541','1:16.715', 4,'N'),
(2021,11,'ESOCMF96','Alpine A521',                          '1:17.367','1:16.766','1:16.653', 1,'N'),
(2021,11,'PIGAMF96','AlphaTauri AT02',                      '1:16.874','1:16.394','1:16.483', 5,'N'),
(2021,11,'YUTSMJ00','AlphaTauri AT02',                      '1:17.919',NULL      ,NULL      , 6,'N'),
(2021,11,'SEVEMD87','Aston Martin AMR21',                   '1:17.105','1:16.794','1:16.750',20,'Y'),
(2021,11,'LASTMC98','Aston Martin AMR21',                   '1:17.038','1:16.893',NULL      ,19,'Y'),
(2021,11,'NILAMC95','Williams FW43B',                       '1:18.036',NULL      ,NULL      , 7,'N'),
(2021,11,'GERUMU98','Williams FW43B',                       '1:17.944',NULL      ,NULL      , 8,'N'),
(2021,11,'KIRAMF79','Alfa Romeo Racing C41',                '1:17.553','1:17.564',NULL      ,10,'N'),
(2021,11,'ANGIMI93','Alfa Romeo Racing C41',                '1:17.776','1:17.583',NULL      ,13,'N'),
(2021,11,'NIMAMR99','Haas VF-21',                           '1:18.922',NULL      ,NULL      ,14,'Y'),
(2021,11,'MISCMD99','Haas VF-21',                           '1:21.548',NULL      ,NULL      ,12,'N'),

(2021,12,'LEHAMU85','Mercedes-AMG F1 W12 E Performance',    '1:59.218','1:56.229','2:00.099', 3,'N'),
(2021,12,'VABOMF89','Mercedes-AMG F1 W12 E Performance',    '1:59.870','1:56.295','2:02.502',12,'N'),
(2021,12,'MAVEMN97','Red Bull RB16B',                       '1:58.717','1:56.559','1:59.765', 1,'N'),
(2021,12,'SEPEMM90','Red Bull RB16B',                       '1:59.334','1:56.886','2:02.112',19,'N'),
(2021,12,'CASAME94','Ferrari SF21',                         '2:01.184','1:58.137',NULL      ,10,'N'),
(2021,12,'CHLEMM97','Ferrari SF21',                         '2:00.728','1:57.721',NULL      , 8,'N'),
(2021,12,'LANOMU99','McLaren MCL35M',                       '1:58.301','1:56.025',NULL      ,14,'N'),
(2021,12,'DARIMA89','McLaren MCL35M',                       '2:01.583','1:57.127','2:00.864', 4,'N'),
(2021,12,'FEALME81','Alpine A521',                          '2:01.653','1:58.205',NULL      ,11,'N'),
(2021,12,'ESOCMF96','Alpine A521',                          '2:01.824','1:57.354','2:03.513', 7,'N'),
(2021,12,'PIGAMF96','AlphaTauri AT02',                      '2:00.387','1:56.440','2:01.164', 6,'N'),
(2021,12,'YUTSMJ00','AlphaTauri AT02',                      '2:02.413',NULL      ,NULL      ,15,'N'),
(2021,12,'SEVEMD87','Aston Martin AMR21',                   '2:00.175','1:56.814','2:00.935', 5,'N'),
(2021,12,'LASTMC98','Aston Martin AMR21',                   '2:01.597','1:58.231',NULL      ,20,'N'),
(2021,12,'NILAMC95','Williams FW43B',                       '2:00.966','1:58.056',NULL      , 9,'N'),
(2021,12,'GERUMU98','Williams FW43B',                       '1:59.864','1:56.950','2:00.086', 2,'N'),
(2021,12,'KIRAMF79','Alfa Romeo Racing C41',                '2:04.452',NULL      ,NULL      ,18,'N'),
(2021,12,'ANGIMI93','Alfa Romeo Racing C41',                '2:02.306',NULL      ,NULL      ,13,'N'),
(2021,12,'NIMAMR99','Haas VF-21',                           '2:04.939',NULL      ,NULL      ,17,'N'),
(2021,12,'MISCMD99','Haas VF-21',                           '2:03.973',NULL      ,NULL      ,16,'N'),

(2021,13,'LEHAMU85','Mercedes-AMG F1 W12 E Performance',    '1:10.114','1:09.726','1:08.923', 2,'N'),
(2021,13,'VABOMF89','Mercedes-AMG F1 W12 E Performance',    '1:10.219','1:09.769','1:09.222', 3,'N'),
(2021,13,'MAVEMN97','Red Bull RB16B',                       '1:10.036','1:09.071','1:08.885', 1,'N'),
(2021,13,'SEPEMM90','Red Bull RB16B',                       '1:10.530',NULL      ,NULL      , 8,'N'),
(2021,13,'CASAME94','Ferrari SF21',                         '1:10.022','1:09.870','1:09.537', 7,'N'),
(2021,13,'CHLEMM97','Ferrari SF21',                         '1:09.829','1:09.437','1:09.527', 5,'N'),
(2021,13,'LANOMU99','McLaren MCL35M',                       '1:10.489','1:10.406',NULL      ,10,'N'),
(2021,13,'DARIMA89','McLaren MCL35M',                       '1:10.255','1:09.865','1:10.166',11,'N'),
(2021,13,'FEALME81','Alpine A521',                          '1:10.435','1:10.020','1:09.956', 6,'N'),
(2021,13,'ESOCMF96','Alpine A521',                          '1:10.179','1:09.919','1:09.933', 9,'N'),
(2021,13,'PIGAMF96','AlphaTauri AT02',                      '1:10.274','1:09.541','1:09.478', 4,'N'),
(2021,13,'YUTSMJ00','AlphaTauri AT02',                      '1:10.462','1:11.314',NULL      ,19,'Y'),
(2021,13,'SEVEMD87','Aston Martin AMR21',                   '1:10.731',NULL      ,NULL      ,13,'N'),
(2021,13,'LASTMC98','Aston Martin AMR21',                   '1:10.438','1:10.367',NULL      ,12,'N'),
(2021,13,'NILAMC95','Williams FW43B',                       '1:10.093','1:11.161',NULL      ,16,'N'),
(2021,13,'GERUMU98','Williams FW43B',                       '1:10.382','1:10.332',NULL      ,17,'N'),
(2021,13,'KIRAMF79','Alfa Romeo Racing C41',                '1:11.301',NULL      ,NULL      ,15,'N'),
(2021,13,'ANGIMI93','Alfa Romeo Racing C41',                '1:10.050','1:10.033','1:09.590',14,'N'),
(2021,13,'NIMAMR99','Haas VF-21',                           '1:11.875',NULL      ,NULL      ,20,'Y'),
(2021,13,'MISCMD99','Haas VF-21',                           '1:11.387',NULL      ,NULL      ,18,'N'),

(2021,14,'LEHAMU85','Mercedes-AMG F1 W12 E Performance',    '1:20.543','1:19.936','1:19.651',17,'Y'),
(2021,14,'VABOMF89','Mercedes-AMG F1 W12 E Performance',    '1:20.685','1:20.032','1:19.555', 3,'N'),
(2021,14,'MAVEMN97','Red Bull RB16B',                       '1:21.035','1:20.229','1:19.966',18,'Y'),
(2021,14,'SEPEMM90','Red Bull RB16B',                       '1:21.308','1:20.882','1:20.611', 5,'N'),
(2021,14,'CASAME94','Ferrari SF21',                         '1:21.118','1:20.750','1:20.462', 6,'N'),
(2021,14,'CHLEMM97','Ferrari SF21',                         '1:21.219','1:20.767','1:20.510', 4,'N'),
(2021,14,'LANOMU99','McLaren MCL35M',                       '1:20.916','1:20.059','1:19.989', 2,'N'),
(2021,14,'DARIMA89','McLaren MCL35M',                       '1:21.292','1:20.435','1:19.995', 1,'N'),
(2021,14,'FEALME81','Alpine A521',                          '1:21.487','1:21.069',NULL      , 8,'N'),
(2021,14,'ESOCMF96','Alpine A521',                          '1:21.500','1:21.103',NULL      ,10,'N'),
(2021,14,'PIGAMF96','AlphaTauri AT02',                      '1:21.440','1:20.556','1:20.260',19,'Y'),
(2021,14,'YUTSMJ00','AlphaTauri AT02',                      '1:21.973',NULL      ,NULL      ,20,'Y'),
(2021,14,'SEVEMD87','Aston Martin AMR21',                   '1:21.394','1:20.913',NULL      ,12,'N'),
(2021,14,'LASTMC98','Aston Martin AMR21',                   '1:21.415','1:21.020',NULL      , 7,'N'),
(2021,14,'NILAMC95','Williams FW43B',                       '1:21.925',NULL      ,NULL      ,11,'N'),
(2021,14,'GERUMU98','Williams FW43B',                       '1:21.890','1:21.392',NULL      , 9,'N'),
(2021,14,'KIRAMF79','Alfa Romeo Racing C41',                '1:22.530',NULL      ,NULL      ,14,'N'),
(2021,14,'ANGIMI93','Alfa Romeo Racing C41',                '1:21.197','1:20.726','1:20.808',13,'N'),
(2021,14,'NIMAMR99','Haas VF-21',                           '1:22.716',NULL      ,NULL      ,16,'Y'),
(2021,14,'MISCMD99','Haas VF-21',                           '1:22.248',NULL      ,NULL      ,15,'N'),

(2021,15,'LEHAMU85','Mercedes-AMG F1 W12 E Performance',    '1:45.992','1:45.129','1:44.050', 1,'N'),
(2021,15,'VABOMF89','Mercedes-AMG F1 W12 E Performance',    '1:46.396','1:45.306','1:44.710', 5,'N'),
(2021,15,'MAVEMN97','Red Bull RB16B',                       '1:54.000',NULL      ,NULL      , 2,'N'),
(2021,15,'SEPEMM90','Red Bull RB16B',                       '1:46.455','1:45.834','1:45.337', 9,'N'),
(2021,15,'CASAME94','Ferrari SF21',                         '1:47.924','1:46.521','1:42.510', 3,'N'),
(2021,15,'CHLEMM97','Ferrari SF21',                         '1:48.470',NULL      ,NULL      ,15,'N'),
(2021,15,'LANOMU99','McLaren MCL35M',                       '1:47.238','1:45.827','1:41.993', 7,'N'),
(2021,15,'DARIMA89','McLaren MCL35M',                       '1:48.345','1:46.361','1:44.156', 4,'N'),
(2021,15,'FEALME81','Alpine A521',                          '1:47.877','1:45.514','1:44.204', 6,'N'),
(2021,15,'ESOCMF96','Alpine A521',                          '1:48.099','1:46.070','1:45.865',14,'N'),
(2021,15,'PIGAMF96','AlphaTauri AT02',                      '1:47.828','1:46.641',NULL      ,13,'N'),
(2021,15,'YUTSMJ00','AlphaTauri AT02',                      '1:48.854','1:46.751',NULL      ,17,'N'),
(2021,15,'SEVEMD87','Aston Martin AMR21',                   '1:47.205','1:46.573',NULL      ,12,'N'),
(2021,15,'LASTMC98','Aston Martin AMR21',                   '1:48.322','1:46.360','1:44.956',11,'N'),
(2021,15,'NILAMC95','Williams FW43B',                       '1:48.252',NULL      ,NULL      ,19,'Y'),
(2021,15,'GERUMU98','Williams FW43B',                       '1:48.303','1:46.435','1:42.983',10,'N'),
(2021,15,'KIRAMF79','Alfa Romeo Racing C41',                '1:49.586',NULL      ,NULL      , 8,'N'),
(2021,15,'ANGIMI93','Alfa Romeo Racing C41',                '1:51.023',NULL      ,NULL      ,16,'N'),
(2021,15,'NIMAMR99','Haas VF-21',                           '1:53.764',NULL      ,NULL      ,18,'N'),
(2021,15,'MISCMD99','Haas VF-21',                           '1:49.830',NULL      ,NULL      ,20,'Y'),

(2021,16,'LEHAMU85','Mercedes-AMG F1 W12 E Performance',    '1:24.585','1:23.082','1:22.868', 5,'N'),
(2021,16,'VABOMF89','Mercedes-AMG F1 W12 E Performance',    '1:25.047','1:23.579','1:22.998', 1,'N'),
(2021,16,'MAVEMN97','Red Bull RB16B',                       '1:24.592','1:23.732','1:23.196', 2,'N'),
(2021,16,'SEPEMM90','Red Bull RB16B',                       '1:24.963','1:23.961','1:23.706', 3,'N'),
(2021,16,'CASAME94','Ferrari SF21',                         '1:25.177',NULL      ,NULL      , 8,'N'),
(2021,16,'CHLEMM97','Ferrari SF21',                         '1:24.869','1:24.015','1:23.265', 4,'N'),
(2021,16,'LANOMU99','McLaren MCL35M',                       '1:25.138','1:24.642','1:23.954', 7,'N'),
(2021,16,'DARIMA89','McLaren MCL35M',                       '1:25.881',NULL      ,NULL      ,13,'N'),
(2021,16,'FEALME81','Alpine A521',                          '1:25.174','1:23.914','1:23.477',16,'N'),
(2021,16,'ESOCMF96','Alpine A521',                          '1:25.422','1:24.842',NULL      ,10,'N'),
(2021,16,'PIGAMF96','AlphaTauri AT02',                      '1:24.704','1:23.817','1:23.326', 6,'N'),
(2021,16,'YUTSMJ00','AlphaTauri AT02',                      '1:25.409','1:24.054','1:24.368',14,'N'),
(2021,16,'SEVEMD87','Aston Martin AMR21',                   '1:25.787','1:24.795',NULL      ,18,'N'),
(2021,16,'LASTMC98','Aston Martin AMR21',                   '1:25.511','1:24.601','1:24.305', 9,'N'),
(2021,16,'NILAMC95','Williams FW43B',                       '1:26.086',NULL      ,NULL      ,17,'N'),
(2021,16,'GERUMU98','Williams FW43B',                       '1:25.417','1:25.007',NULL      ,15,'N'),
(2021,16,'KIRAMF79','Alfa Romeo Racing C41',                '1:27.525',NULL      ,NULL      ,12,'N'),
(2021,16,'ANGIMI93','Alfa Romeo Racing C41',                '1:26.430',NULL      ,NULL      ,11,'N'),
(2021,16,'NIMAMR99','Haas VF-21',                           '1:28.449',NULL      ,NULL      ,20,'N'),
(2021,16,'MISCMD99','Haas VF-21',                           '1:25.555','1:25.200',NULL      ,19,'N'),

(2021,17,'LEHAMU85','Mercedes-AMG F1 W12 E Performance',    '1:34.579','1:33.797','1:33.119', 2,'N'),
(2021,17,'VABOMF89','Mercedes-AMG F1 W12 E Performance',    '1:34.590','1:33.959','1:33.475', 6,'N'),
(2021,17,'MAVEMN97','Red Bull RB16B',                       '1:34.352','1:33.464','1:32.910', 1,'N'),
(2021,17,'SEPEMM90','Red Bull RB16B',                       '1:34.369','1:34.178','1:33.134', 3,'N'),
(2021,17,'CASAME94','Ferrari SF21',                         '1:34.558','1:34.126','1:33.792', 7,'N'),
(2021,17,'CHLEMM97','Ferrari SF21',                         '1:34.153','1:33.928','1:33.606', 4,'N'),
(2021,17,'LANOMU99','McLaren MCL35M',                       '1:34.551','1:33.880','1:33.887', 8,'N'),
(2021,17,'DARIMA89','McLaren MCL35M',                       '1:34.407','1:34.643','1:33.808', 5,'N'),
(2021,17,'FEALME81','Alpine A521',                          '1:35.756','1:44.549',NULL      ,18,'Y'),
(2021,17,'ESOCMF96','Alpine A521',                          '1:35.747','1:35.377',NULL      ,19,'Y'),
(2021,17,'PIGAMF96','AlphaTauri AT02',                      '1:34.567','1:34.583','1:34.118',20,'Y'),
(2021,17,'YUTSMJ00','AlphaTauri AT02',                      '1:35.360','1:35.137','1:34.918', 9,'N'),
(2021,17,'SEVEMD87','Aston Martin AMR21',                   '1:35.281','1:35.500',NULL      ,10,'N'),
(2021,17,'LASTMC98','Aston Martin AMR21',                   '1:35.983',NULL      ,NULL      ,12,'N'),
(2021,17,'NILAMC95','Williams FW43B',                       '1:35.995',NULL      ,NULL      ,15,'N'),
(2021,17,'GERUMU98','Williams FW43B',                       '1:35.746',NULL      ,NULL      ,14,'N'),
(2021,17,'KIRAMF79','Alfa Romeo Racing C41',                '1:36.311',NULL      ,NULL      ,13,'N'),
(2021,17,'ANGIMI93','Alfa Romeo Racing C41',                '1:35.920','1:35.794',NULL      ,11,'N'),
(2021,17,'NIMAMR99','Haas VF-21',                           '1:36.796',NULL      ,NULL      ,17,'N'),
(2021,17,'MISCMD99','Haas VF-21',                           '1:36.499',NULL      ,NULL      ,16,'N'),

(2021,18,'LEHAMU85','Mercedes-AMG F1 W12 E Performance',    '1:17.207','1:16.474','1:16.020', 2,'N'),
(2021,18,'VABOMF89','Mercedes-AMG F1 W12 E Performance',    '1:16.727','1:16.864','1:15.875',15,'N'),
(2021,18,'MAVEMN97','Red Bull RB16B',                       '1:16.788','1:16.483','1:16.225', 1,'N'),
(2021,18,'SEPEMM90','Red Bull RB16B',                       '1:17.003','1:17.055','1:16.342', 3,'N'),
(2021,18,'CASAME94','Ferrari SF21',                         '1:17.517','1:17.248','1:16.761', 6,'N'),
(2021,18,'CHLEMM97','Ferrari SF21',                         '1:16.748','1:17.034','1:16.837', 5,'N'),
(2021,18,'LANOMU99','McLaren MCL35M',                       '1:17.569','1:17.473','1:36.830',10,'N'),
(2021,18,'DARIMA89','McLaren MCL35M',                       '1:17.719','1:17.092','1:16.763',12,'N'),
(2021,18,'FEALME81','Alpine A521',                          '1:18.452',NULL      ,NULL      , 9,'N'),
(2021,18,'ESOCMF96','Alpine A521',                          '1:18.126','1:18.405',NULL      ,13,'N'),
(2021,18,'PIGAMF96','AlphaTauri AT02',                      '1:16.908','1:16.955','1:16.456', 4,'N'),
(2021,18,'YUTSMJ00','AlphaTauri AT02',                      '1:17.330','1:16.701','1:17.158',20,'Y'),
(2021,18,'SEVEMD87','Aston Martin AMR21',                   '1:17.502','1:17.746',NULL      , 7,'N'),
(2021,18,'LASTMC98','Aston Martin AMR21',                   '1:20.873',NULL      ,NULL      ,14,'N'),
(2021,18,'NILAMC95','Williams FW43B',                       '1:18.756',NULL      ,NULL      ,17,'N'),
(2021,18,'GERUMU98','Williams FW43B',                       '1:17.958','1:18.172',NULL      ,16,'N'),
(2021,18,'KIRAMF79','Alfa Romeo Racing C41',                '1:17.606','1:17.958',NULL      ,12,'N'),
(2021,18,'ANGIMI93','Alfa Romeo Racing C41',                '1:17.897','1:18.290',NULL      ,11,'N'),
(2021,18,'NIMAMR99','Haas VF-21',                           '1:19.303',NULL      ,NULL      ,18,'N'),
(2021,18,'MISCMD99','Haas VF-21',                           '1:18.858',NULL      ,NULL      ,19,'Y'),

(2021,19,'LEHAMU85','Mercedes-AMG F1 W12 E Performance',    '1:08.733','1:08.068','1:07.934', 1,'N'),
(2021,19,'VABOMF89','Mercedes-AMG F1 W12 E Performance',    '1:09.040','1:08.426','1:08.469', 3,'N'),
(2021,19,'MAVEMN97','Red Bull RB16B',                       '1:09.329','1:08.499','1:08.372', 2,'N'),
(2021,19,'SEPEMM90','Red Bull RB16B',                       '1:09.172','1:08.973','1:08.483', 4,'N'),
(2021,19,'CASAME94','Ferrari SF21',                         '1:09.046','1:09.031','1:08.826', 6,'N'),
(2021,19,'CHLEMM97','Ferrari SF21',                         '1:09.155','1:08.859','1:08.960', 5,'N'),
(2021,19,'LANOMU99','McLaren MCL35M',                       '1:09.365','1:09.030','1:08.980',10,'N'),
(2021,19,'DARIMA89','McLaren MCL35M',                       '1:09.374','1:09.093','1:09.039',19,'Y'),
(2021,19,'FEALME81','Alpine A521',                          '1:09.391','1:09.137','1:09.113', 9,'N'),
(2021,19,'ESOCMF96','Alpine A521',                          '1:09.430','1:09.189',NULL      , 8,'N'),
(2021,19,'PIGAMF96','AlphaTauri AT02',                      '1:09.347','1:08.903','1:08.777', 7,'N'),
(2021,19,'YUTSMJ00','AlphaTauri AT02',                      '1:09.350','1:09.483',NULL      ,15,'N'),
(2021,19,'SEVEMD87','Aston Martin AMR21',                   '1:09.451','1:09.399',NULL      ,11,'N'),
(2021,19,'LASTMC98','Aston Martin AMR21',                   '1:09.663',NULL      ,NULL      ,20,'Y'),
(2021,19,'NILAMC95','Williams FW43B',                       '1:09.897',NULL      ,NULL      ,16,'N'),
(2021,19,'GERUMU98','Williams FW43B',                       '1:09.953',NULL      ,NULL      ,13,'N'),
(2021,19,'KIRAMF79','Alfa Romeo Racing C41',                '1:09.598','1:09.503',NULL      ,12,'N'),
(2021,19,'ANGIMI93','Alfa Romeo Racing C41',                '1:09.342','1:10.227',NULL      ,14,'N'),
(2021,19,'NIMAMR99','Haas VF-21',                           '1:10.589',NULL      ,NULL      ,17,'N'),
(2021,19,'MISCMD99','Haas VF-21',                           '1:10.329',NULL      ,NULL      ,18,'N'),

(2021,20,'LEHAMU85','Mercedes-AMG F1 W12 E Performance',    '1:21.901','1:21.682','1:20.827', 1,'N'),
(2021,20,'VABOMF89','Mercedes-AMG F1 W12 E Performance',    '1:22.016','1:21.991','1:21.478',20,'Y'),
(2021,20,'MAVEMN97','Red Bull RB16B',                       '1:21.996','1:21.984','1:21.424', 2,'N'),
(2021,20,'SEPEMM90','Red Bull RB16B',                       '1:22.398','1:22.346',NULL      , 4,'N'),
(2021,20,'CASAME94','Ferrari SF21',                         '1:22.304','1:22.241','1:21.840', 7,'N'),
(2021,20,'CHLEMM97','Ferrari SF21',                         '1:22.742','1:22.463',NULL      , 8,'N'),
(2021,20,'LANOMU99','McLaren MCL35M',                       '1:22.839','1:22.216','1:21.731', 9,'N'),
(2021,20,'DARIMA89','McLaren MCL35M',                       '1:22.688','1:22.597',NULL      ,12,'N'),
(2021,20,'FEALME81','Alpine A521',                          '1:22.422','1:21.894','1:21.670', 3,'N'),
(2021,20,'ESOCMF96','Alpine A521',                          '1:22.565','1:22.012','1:22.028', 5,'N'),
(2021,20,'PIGAMF96','AlphaTauri AT02',                      '1:22.535','1:21.728','1:21.640',11,'N'),
(2021,20,'YUTSMJ00','AlphaTauri AT02',                      '1:22.458','1:22.058','1:21.881',13,'N'),
(2021,20,'SEVEMD87','Aston Martin AMR21',                   '1:22.549','1:22.146','1:22.785',10,'N'),
(2021,20,'LASTMC98','Aston Martin AMR21',                   '1:22.551','1:22.460',NULL      , 6,'N'),
(2021,20,'NILAMC95','Williams FW43B',                       '1:23.213',NULL      ,NULL      ,19,'Y'),
(2021,20,'GERUMU98','Williams FW43B',                       '1:22.863','1:22.756',NULL      ,17,'N'),
(2021,20,'KIRAMF79','Alfa Romeo Racing C41',                '1:23.156',NULL      ,NULL      ,14,'N'),
(2021,20,'ANGIMI93','Alfa Romeo Racing C41',                '1:23.262',NULL      ,NULL      ,15,'N'),
(2021,20,'NIMAMR99','Haas VF-21',                           '1:25.859',NULL      ,NULL      ,18,'N'),
(2021,20,'MISCMD99','Haas VF-21',                           '1:23.407',NULL      ,NULL      ,16,'N'),

(2021,21,'LEHAMU85','Mercedes-AMG F1 W12 E Performance',    '1:28.466','1:27.712','1:27.511', 1,'N'),
(2021,21,'VABOMF89','Mercedes-AMG F1 W12 E Performance',    '1:28.057','1:28.054','1:27.622', 3,'N'),
(2021,21,'MAVEMN97','Red Bull RB16B',                       '1:28.285','1:27.953','1:27.653', 2,'N'),
(2021,21,'SEPEMM90','Red Bull RB16B',                       '1:28.021','1:27.946','1:28.123',17,'Y'),
(2021,21,'CASAME94','Ferrari SF21',                         '1:28.237','1:53.652',NULL      , 8,'N'),
(2021,21,'CHLEMM97','Ferrari SF21',                         '1:28.310','1:28.459','1:28.054', 7,'N'),
(2021,21,'LANOMU99','McLaren MCL35M',                       '1:28.338','1:28.344','1:28.180',10,'N'),
(2021,21,'DARIMA89','McLaren MCL35M',                       '1:28.216','1:28.668',NULL      , 5,'N'),
(2021,21,'FEALME81','Alpine A521',                          '1:28.944','1:28.920',NULL      ,13,'N'),
(2021,21,'ESOCMF96','Alpine A521',                          '1:28.752','1:28.574','1:28.647', 4,'N'),
(2021,21,'PIGAMF96','AlphaTauri AT02',                      '1:28.401','1:28.314','1:28.125', 6,'N'),
(2021,21,'YUTSMJ00','AlphaTauri AT02',                      '1:28.503','1:28.222','1:28.442',14,'N'),
(2021,21,'SEVEMD87','Aston Martin AMR21',                   '1:29.198',NULL      ,NULL      ,16,'Y'),
(2021,21,'LASTMC98','Aston Martin AMR21',                   '1:29.368',NULL      ,NULL      ,11,'N'),
(2021,21,'NILAMC95','Williams FW43B',                       '1:29.177',NULL      ,NULL      ,12,'N'),
(2021,21,'GERUMU98','Williams FW43B',                       '1:28.926','1:29.054',NULL      ,19,'Y'),
(2021,21,'KIRAMF79','Alfa Romeo Racing C41',                '1:28.856','1:28.885',NULL      ,15,'N'),
(2021,21,'ANGIMI93','Alfa Romeo Racing C41',                '1:28.899','1:28.616','1:28.754', 9,'N'),
(2021,21,'NIMAMR99','Haas VF-21',                           '1:30.473',NULL      ,NULL      ,18,'Y'),
(2021,21,'MISCMD99','Haas VF-21',                           '1:29.464',NULL      ,NULL      ,20,'Y'),

(2021,22,'LEHAMU85','Mercedes-AMG F1 W12 E Performance',    '1:22.845','1:23.145','1:22.480', 2,'N'),
(2021,22,'VABOMF89','Mercedes-AMG F1 W12 E Performance',    '1:23.117','1:23.246','1:23.036', 6,'N'),
(2021,22,'MAVEMN97','Red Bull RB16B',                       '1:23.322','1:22.800','1:22.109', 1,'N'),
(2021,22,'SEPEMM90','Red Bull RB16B',                       '1:23.350','1:23.135','1:22.947',15,'Y'),
(2021,22,'CASAME94','Ferrari SF21',                         '1:23.624','1:23.174','1:22.992', 3,'N'),
(2021,22,'CHLEMM97','Ferrari SF21',                         '1:23.467','1:23.202','1:23.122',10,'N'),
(2021,22,'LANOMU99','McLaren MCL35M',                       '1:23.553','1:23.256','1:22.931', 7,'N'),
(2021,22,'DARIMA89','McLaren MCL35M',                       '1:23.829','1:23.448','1:23.409',12,'N'),
(2021,22,'FEALME81','Alpine A521',                          '1:23.846','1:23.460',NULL      , 8,'N'),
(2021,22,'ESOCMF96','Alpine A521',                          '1:23.764','1:23.420','1:23.389', 9,'N'),
(2021,22,'PIGAMF96','AlphaTauri AT02',                      '1:23.489','1:24.043',NULL      , 5,'N'),
(2021,22,'YUTSMJ00','AlphaTauri AT02',                      '1:23.428','1:23.404','1:23.220', 4,'N'),
(2021,22,'SEVEMD87','Aston Martin AMR21',                   '1:24.225','1:24.305',NULL      ,11,'N'),
(2021,22,'LASTMC98','Aston Martin AMR21',                   '1:24.061','1:24.066',NULL      ,13,'N'),
(2021,22,'NILAMC95','Williams FW43B',                       '1:24.338',NULL      ,NULL      ,16,'Y'),
(2021,22,'GERUMU98','Williams FW43B',                       '1:24.423',NULL      ,NULL      ,18,'Y'),
(2021,22,'KIRAMF79','Alfa Romeo Racing C41',                '1:24.779',NULL      ,NULL      ,19,'Y'),
(2021,22,'ANGIMI93','Alfa Romeo Racing C41',                '1:24.118','1:24.251',NULL      ,17,'Y'),
(2021,22,'NIMAMR99','Haas VF-21',                           '1:25.685',NULL      ,NULL      ,20,'Y'),
(2021,22,'MISCMD99','Haas VF-21',                           '1:24.906',NULL      ,NULL      ,14,'N'),/*2021*/


(2020, 1,'LEHAMU85','Mercedes-AMG F1 W11 EQ Performance',   '1:04.198','1:03.096','1:02.951', 4,'N'),
(2020, 1,'VABOMF89','Mercedes-AMG F1 W11 EQ Performance',   '1:04.111','1:03.015','1:02.939', 1,'N'),
(2020, 1,'MAVEMN97','Red Bull RB16',                        '1:04.024','1:04.000','1:03.477',20,'Y'),
(2020, 1,'ALALMT96','Red Bull RB16',                        '1:04.661','1:03.746','1:03.868',13,'Y'),
(2020, 1,'CHLEMM97','Ferrari SF1000',                       '1:04.500','1:04.041','1:03.923', 2,'N'),
(2020, 1,'SEVEMD87','Ferrari SF1000',                       '1:04.554','1:04.206',NULL      ,10,'N'),
(2020, 1,'LANOMU99','McLaren MCL35',                        '1:04.606','1:03.819','1:03.626', 3,'N'),
(2020, 1,'CASAME94','McLaren MCL35',                        '1:04.537','1:03.971','1:03.971', 5,'N'),
(2020, 1,'DARIMA89','Renault R.S.20',                       '1:04.556','1:04.023','1:04.239',19,'Y'),
(2020, 1,'ESOCMF96','Renault R.S.20',                       '1:04.933','1:04.643',NULL      , 8,'N'),
(2020, 1,'PIGAMF96','AlphaTauri AT01',                      '1:04.603','1:04.305',NULL      , 7,'N'),
(2020, 1,'DAKVMR94','AlphaTauri AT01',                      '1:05.031','1:04.431',NULL      ,12,'N'),
(2020, 1,'LASTMC98','Racing Point RP20',                    '1:04.309','1:03.955','1:04.029',18,'Y'),
(2020, 1,'SEPEMM90','Racing Point RP20',                    '1:04.543','1:03.860','1:03.868', 6,'N'),
(2020, 1,'KIRAMF79','Alfa Romeo Racing C39',                '1:05.224',NULL      ,NULL      ,14,'Y'),
(2020, 1,'ANGIMI93','Alfa Romeo Racing C39',                '1:05.175',NULL      ,NULL      , 9,'N'),
(2020, 1,'KEMAMD92','Haas VF-20',                           '1:05.164',NULL      ,NULL      ,17,'Y'),
(2020, 1,'ROGRMF86','Haas VF-20',                           '1:05.094','1:04.691',NULL      ,16,'Y'),
(2020, 1,'GERUMU98','Williams FW43',                        '1:05.167',NULL      ,NULL      ,15,'Y'),
(2020, 1,'NILAMC95','Williams FW43',                        '1:05.757',NULL      ,NULL      ,11,'N'),

(2020, 2,'LEHAMU85','Mercedes-AMG F1 W11 EQ Performance',   '1:18.188','1:17.825','1:19.273', 1,'N'),
(2020, 2,'VABOMF89','Mercedes-AMG F1 W11 EQ Performance',   '1:18.791','1:18.657','1:20.701', 2,'N'),
(2020, 2,'MAVEMN97','Red Bull RB16',                        '1:18.297','1:17.938','1:20.489', 3,'N'),
(2020, 2,'ALALMT96','Red Bull RB16',                        '1:20.882','1:19.014','1:21.011', 4,'N'),
(2020, 2,'CHLEMM97','Ferrari SF1000',                       '1:20.871','1:19.628',NULL      ,19,'Y'),
(2020, 2,'SEVEMD87','Ferrari SF1000',                       '1:20.243','1:19.545','1:21.651',20,'Y'),
(2020, 2,'LANOMU99','McLaren MCL35',                        '1:18.504','1:18.448','1:20.925', 5,'N'),
(2020, 2,'CASAME94','McLaren MCL35',                        '1:18.590','1:18.836','1:20.671', 9,'N'),
(2020, 2,'DARIMA89','Renault R.S.20',                       '1:19.662','1:19.229','1:21.192', 8,'N'),
(2020, 2,'ESOCMF96','Renault R.S.20',                       '1:19.687','1:18.764','1:20.922',18,'Y'),
(2020, 2,'PIGAMF96','AlphaTauri AT01',                      '1:20.192','1:18.744','1:21.028',15,'N'),
(2020, 2,'DAKVMR94','AlphaTauri AT01',                      '1:19.824','1:19.717',NULL      ,10,'N'),
(2020, 2,'LASTMC98','Racing Point RP20',                    '1:19.697','1:19.645',NULL      , 7,'N'),
(2020, 2,'SEPEMM90','Racing Point RP20',                    '1:21.607',NULL      ,NULL      , 6,'N'),
(2020, 2,'KIRAMF79','Alfa Romeo Racing C39',                '1:21.372',NULL      ,NULL      ,11,'N'),
(2020, 2,'ANGIMI93','Alfa Romeo Racing C39',                '1:21.831',NULL      ,NULL      ,14,'N'),
(2020, 2,'KEMAMD92','Haas VF-20',                           '1:21.140','1:20.211',NULL      ,12,'N'),
(2020, 2,'ROGRMF86','Haas VF-20',                           '1:23.661',NULL      ,NULL      ,13,'N'),
(2020, 2,'GERUMU98','Williams FW43',                        '1:20.382','1:19.636',NULL      ,16,'N'),
(2020, 2,'NILAMC95','Williams FW43',                        '1:21.759',NULL      ,NULL      ,17,'N'),

(2020, 3,'LEHAMU85','Mercedes-AMG F1 W11 EQ Performance',   '1:14.907','1:14.261','1:13.447', 1,'N'),
(2020, 3,'VABOMF89','Mercedes-AMG F1 W11 EQ Performance',   '1:15.474','1:14.530','1:13.554', 3,'N'),
(2020, 3,'MAVEMN97','Red Bull RB16',                        '1:15.495','1:14.976','1:14.849', 2,'N'),
(2020, 3,'ALALMT96','Red Bull RB16',                        '1:15.722','1:15.715',NULL      , 5,'N'),
(2020, 3,'CHLEMM97','Ferrari SF1000',                       '1:15.793','1:15.006','1:14.817',11,'N'),
(2020, 3,'SEVEMD87','Ferrari SF1000',                       '1:15.455','1:15.131','1:14.774', 6,'N'),
(2020, 3,'LANOMU99','McLaren MCL35',                        '1:15.444','1:15.085','1:14.966',13,'N'),
(2020, 3,'CASAME94','McLaren MCL35',                        '1:15.281','1:15.267','1:15.027', 9,'N'),
(2020, 3,'DARIMA89','Renault R.S.20',                       '1:15.848','1:15.661',NULL      , 8,'N'),
(2020, 3,'ESOCMF96','Renault R.S.20',                       '1:15.719','1:15.742',NULL      ,14,'N'),
(2020, 3,'PIGAMF96','AlphaTauri AT01',                      '1:15.767','1:15.508',NULL      ,20,'Y'),
(2020, 3,'DAKVMR94','AlphaTauri AT01',                      '1:16.204',NULL      ,NULL      ,12,'N'),
(2020, 3,'LASTMC98','Racing Point RP20',                    '1:14.895','1:15.176','1:14.377', 4,'N'),
(2020, 3,'SEPEMM90','Racing Point RP20',                    '1:14.681','1:15.394','1:14.545', 7,'N'),
(2020, 3,'KIRAMF79','Alfa Romeo Racing C39',                '1:16.614',NULL      ,NULL      ,15,'N'),
(2020, 3,'ANGIMI93','Alfa Romeo Racing C39',                '1:16.506',NULL      ,NULL      ,17,'N'),
(2020, 3,'KEMAMD92','Haas VF-20',                           '1:16.152',NULL      ,NULL      ,10,'N'),
(2020, 3,'ROGRMF86','Haas VF-20',                           '1:16.407',NULL      ,NULL      ,16,'N'),
(2020, 3,'GERUMU98','Williams FW43',                        '1:15.585','1:15.698',NULL      ,18,'N'),
(2020, 3,'NILAMC95','Williams FW43',                        '1:16.105','1:16.544',NULL      ,19,'N'),

(2020, 4,'LEHAMU85','Mercedes-AMG F1 W11 EQ Performance',   '1:25.900','1:25.347','1:24.303', 1,'N'),
(2020, 4,'VABOMF89','Mercedes-AMG F1 W11 EQ Performance',   '1:25.801','1:25.015','1:24.616',11,'N'),
(2020, 4,'MAVEMN97','Red Bull RB16',                        '1:26.115','1:26.144','1:25.325', 2,'N'),
(2020, 4,'ALALMT96','Red Bull RB16',                        '1:26.565','1:26.545',NULL      , 8,'N'),
(2020, 4,'CHLEMM97','Ferrari SF1000',                       '1:26.550','1:26.203','1:25.427', 3,'N'),
(2020, 4,'SEVEMD87','Ferrari SF1000',                       '1:26.469','1:26.455','1:26.339',10,'N'),
(2020, 4,'LANOMU99','McLaren MCL35',                        '1:26.855','1:26.420','1:25.782', 5,'N'),
(2020, 4,'CASAME94','McLaren MCL35',                        '1:26.715','1:26.149','1:25.965',13,'N'),
(2020, 4,'DARIMA89','Renault R.S.20',                       '1:26.677','1:26.339','1:26.009', 4,'N'),
(2020, 4,'ESOCMF96','Renault R.S.20',                       '1:26.396','1:26.252','1:26.209', 6,'N'),
(2020, 4,'PIGAMF96','AlphaTauri AT01',                      '1:26.343','1:26.501',NULL      , 7,'N'),
(2020, 4,'DAKVMR94','AlphaTauri AT01',                      '1:26.774','1:26.744',NULL      ,18,'Y'),
(2020, 4,'LASTMC98','Racing Point RP20',                    '1:26.243','1:26.501','1:25.839', 9,'N'),
(2020, 4,'SEPEMM90','Racing Point RP20',                    '1:26.327','1:26.566',NULL      ,20,'N'),
(2020, 4,'KIRAMF79','Alfa Romeo Racing C39',                '1:27.366',NULL      ,NULL      ,17,'N'),
(2020, 4,'ANGIMI93','Alfa Romeo Racing C39',                '1:27.164',NULL      ,NULL      ,14,'N'),
(2020, 4,'KEMAMD92','Haas VF-20',                           '1:27.158',NULL      ,NULL      ,19,'Y'),
(2020, 4,'ROGRMF86','Haas VF-20',                           '1:27.643',NULL      ,NULL      ,16,'N'),
(2020, 4,'GERUMU98','Williams FW43',                        '1:26.732','1:27.092',NULL      ,12,'N'),
(2020, 4,'NILAMC95','Williams FW43',                        '1:27.705',NULL      ,NULL      ,15,'N'),

(2020, 5,'LEHAMU85','Mercedes-AMG F1 W11 EQ Performance',   '1:26.818','1:26.266','1:25.217', 2,'N'),
(2020, 5,'VABOMF89','Mercedes-AMG F1 W11 EQ Performance',   '1:26.738','1:25.785','1:25.154', 3,'N'),
(2020, 5,'MAVEMN97','Red Bull RB16',                        '1:27.154','1:26.779','1:26.176', 1,'N'),
(2020, 5,'ALALMT96','Red Bull RB16',                        '1:27.153','1:26.642','1:26.669', 5,'N'),
(2020, 5,'CHLEMM97','Ferrari SF1000',                       '1:27.427','1:26.709','1:26.614', 4,'N'),
(2020, 5,'SEVEMD87','Ferrari SF1000',                       '1:27.612','1:27.078',NULL      ,12,'N'),
(2020, 5,'LANOMU99','McLaren MCL35',                        '1:27.217','1:26.885','1:26.778', 9,'N'),
(2020, 5,'CASAME94','McLaren MCL35',                        '1:27.450','1:27.083',NULL      ,13,'N'),
(2020, 5,'DARIMA89','Renault R.S.20',                       '1:27.442','1:26.636','1:26.297',14,'N'),
(2020, 5,'ESOCMF96','Renault R.S.20',                       '1:27.278','1:27.011',NULL      , 8,'N'),
(2020, 5,'PIGAMF96','AlphaTauri AT01',                      '1:27.154','1:26.523','1:26.534',11,'N'),
(2020, 5,'DAKVMR94','AlphaTauri AT01',                      '1:27.882',NULL      ,NULL      ,10,'N'),
(2020, 5,'LASTMC98','Racing Point RP20',                    '1:27.187','1:26.674','1:26.428', 6,'N'),
(2020, 5,'SEPEMM90','Racing Point RP20',                    '1:27.279','1:26.261','1:26.082', 7,'N'),
(2020, 5,'KIRAMF79','Alfa Romeo Racing C39',                '1:28.433',NULL      ,NULL      ,15,'N'),
(2020, 5,'ANGIMI93','Alfa Romeo Racing C39',                '1:28.433',NULL      ,NULL      ,17,'N'),
(2020, 5,'KEMAMD92','Haas VF-20',                           '1:28.236',NULL      ,NULL      ,20,'Y'),
(2020, 5,'ROGRMF86','Haas VF-20',                           '1:27.519','1:27.254',NULL      ,16,'N'),
(2020, 5,'GERUMU98','Williams FW43',                        '1:27.757','1:27.455',NULL      ,18,'N'),
(2020, 5,'NILAMC95','Williams FW43',                        '1:28.430',NULL      ,NULL      ,19,'N'),

(2020, 6,'LEHAMU85','Mercedes-AMG F1 W11 EQ Performance',   '1:16.872','1:16.013','1:15.584', 1,'N'),
(2020, 6,'VABOMF89','Mercedes-AMG F1 W11 EQ Performance',   '1:17.243','1:16.152','1:15.643', 3,'N'),
(2020, 6,'MAVEMN97','Red Bull RB16',                        '1:17.213','1:16.518','1:16.292', 2,'N'),
(2020, 6,'ALALMT96','Red Bull RB16',                        '1:17.419','1:17.163','1:17.029', 8,'N'),
(2020, 6,'CHLEMM97','Ferrari SF1000',                       '1:17.256','1:16.953','1:17.087',20,'Y'),
(2020, 6,'SEVEMD87','Ferrari SF1000',                       '1:17.573','1:17.168',NULL      , 7,'N'),
(2020, 6,'LANOMU99','McLaren MCL35',                        '1:17.577','1:17.166','1:17.084',10,'N'),
(2020, 6,'CASAME94','McLaren MCL35',                        '1:17.438','1:16.876','1:17.044', 6,'N'),
(2020, 6,'DARIMA89','Renault R.S.20',                       '1:17.667','1:17.198',NULL      ,11,'N'),
(2020, 6,'ESOCMF96','Renault R.S.20',                       '1:17.765','1:17.567',NULL      ,13,'N'),
(2020, 6,'PIGAMF96','AlphaTauri AT01',                      '1:17.356','1:16.800','1:17.136', 9,'N'),
(2020, 6,'DAKVMR94','AlphaTauri AT01',                      '1:17.676','1:17.192',NULL      ,12,'N'),
(2020, 6,'LASTMC98','Racing Point RP20',                    '1:17.316','1:16.666','1:16.589', 4,'N'),
(2020, 6,'SEPEMM90','Racing Point RP20',                    '1:17.117','1:16.936','1:16.482', 5,'N'),
(2020, 6,'KIRAMF79','Alfa Romeo Racing C39',                '1:17.797','1:17.386',NULL      ,14,'N'),
(2020, 6,'ANGIMI93','Alfa Romeo Racing C39',                '1:18.697',NULL      ,NULL      ,16,'N'),
(2020, 6,'KEMAMD92','Haas VF-20',                           '1:17.908',NULL      ,NULL      ,15,'N'),
(2020, 6,'ROGRMF86','Haas VF-20',                           '1:18.089',NULL      ,NULL      ,19,'N'),
(2020, 6,'GERUMU98','Williams FW43',                        '1:18.099',NULL      ,NULL      ,17,'N'),
(2020, 6,'NILAMC95','Williams FW43',                        '1:18.532',NULL      ,NULL      ,18,'N'),

(2020, 7,'LEHAMU85','Mercedes-AMG F1 W11 EQ Performance',   '1:42.323','1:42.014','1:41.252', 1,'N'),
(2020, 7,'VABOMF89','Mercedes-AMG F1 W11 EQ Performance',   '1:42.534','1:42.126','1:41.763', 2,'N'),
(2020, 7,'MAVEMN97','Red Bull RB16',                        '1:43.197','1:42.473','1:41.778', 3,'N'),
(2020, 7,'ALALMT96','Red Bull RB16',                        '1:43.418','1:42.193','1:42.264', 6,'N'),
(2020, 7,'CHLEMM97','Ferrari SF1000',                       '1:43.656','1:42.996',NULL      ,14,'N'),
(2020, 7,'SEVEMD87','Ferrari SF1000',                       '1:43.567','1:43.261',NULL      ,13,'N'),
(2020, 7,'LANOMU99','McLaren MCL35',                        '1:43.514','1:42.722','1:42.657', 7,'N'),
(2020, 7,'CASAME94','McLaren MCL35',                        '1:43.322','1:42.478','1:42.438',20,'Y'),
(2020, 7,'DARIMA89','Renault R.S.20',                       '1:43.309','1:42.487','1:42.061', 4,'N'),
(2020, 7,'ESOCMF96','Renault R.S.20',                       '1:43.505','1:42.534','1:42.396', 5,'N'),
(2020, 7,'PIGAMF96','AlphaTauri AT01',                      '1:43.262','1:42.745',NULL      , 8,'N'),
(2020, 7,'DAKVMR94','AlphaTauri AT01',                      '1:43.267','1:42.730',NULL      ,11,'N'),
(2020, 7,'LASTMC98','Racing Point RP20',                    '1:43.265','1:42.491','1:42.603', 9,'N'),
(2020, 7,'SEPEMM90','Racing Point RP20',                    '1:43.349','1:42.670','1:42.532',10,'N'),
(2020, 7,'KIRAMF79','Alfa Romeo Racing C39',                '1:43.743',NULL      ,NULL      ,12,'N'),
(2020, 7,'ANGIMI93','Alfa Romeo Racing C39',                '1:43.950',NULL      ,NULL      ,18,'Y'),
(2020, 7,'KEMAMD92','Haas VF-20',                           '1:44.314',NULL      ,NULL      ,17,'N'),
(2020, 7,'ROGRMF86','Haas VF-20',                           '1:43.838',NULL      ,NULL      ,15,'N'),
(2020, 7,'GERUMU98','Williams FW43',                        '1:43.630','1:43.468',NULL      ,19,'Y'),
(2020, 7,'NILAMC95','Williams FW43',                        '1:44.138',NULL      ,NULL      ,16,'N'),

(2020, 8,'LEHAMU85','Mercedes-AMG F1 W11 EQ Performance',   '1:19.514','1:19.092','1:18.887', 7,'N'),
(2020, 8,'VABOMF89','Mercedes-AMG F1 W11 EQ Performance',   '1:19.786','1:18.952','1:18.956', 5,'N'),
(2020, 8,'MAVEMN97','Red Bull RB16',                        '1:20.193','1:19.780','1:19.795',17,'Y'),
(2020, 8,'ALALMT96','Red Bull RB16',                        '1:21.104','1:20.064','1:20.090',15,'N'),
(2020, 8,'CHLEMM97','Ferrari SF1000',                       '1:20.443','1:20.273',NULL      ,18,'Y'),
(2020, 8,'SEVEMD87','Ferrari SF1000',                       '1:21.151',NULL      ,NULL      ,20,'Y'),
(2020, 8,'LANOMU99','McLaren MCL35',                        '1:20.344','1:19.962','1:19.820', 4,'N'),
(2020, 8,'CASAME94','McLaren MCL35',                        '1:20.099','1:19.705','1:19.695', 2,'N'),
(2020, 8,'DARIMA89','Renault R.S.20',                       '1:20.548','1:20.031','1:19.864', 6,'N'),
(2020, 8,'ESOCMF96','Renault R.S.20',                       '1:20.747','1:20.234',NULL      , 8,'N'),
(2020, 8,'PIGAMF96','AlphaTauri AT01',                      '1:20.145','1:19.909','1:20.177', 1,'N'),
(2020, 8,'DAKVMR94','AlphaTauri AT01',                      '1:20.307','1:20.169',NULL      , 9,'N'),
(2020, 8,'LASTMC98','Racing Point RP20',                    '1:20.400','1:19.924','1:20.049', 3,'N'),
(2020, 8,'SEPEMM90','Racing Point RP20',                    '1:20.048','1:19.718','1:19.720',10,'N'),
(2020, 8,'KIRAMF79','Alfa Romeo Racing C39',                '1:21.010','1:20.926',NULL      ,13,'N'),
(2020, 8,'ANGIMI93','Alfa Romeo Racing C39',                '1:21.206',NULL      ,NULL      ,16,'N'),
(2020, 8,'KEMAMD92','Haas VF-20',                           '1:20.869','1:21.573',NULL      ,19,'Y'),
(2020, 8,'ROGRMF86','Haas VF-20',                           '1:21.139',NULL      ,NULL      ,12,'N'),
(2020, 8,'GERUMU98','Williams FW43',                        '1:21.587',NULL      ,NULL      ,14,'N'),
(2020, 8,'NILAMC95','Williams FW43',                        '1:21.717',NULL      ,NULL      ,11,'N'),

(2020, 9,'LEHAMU85','Mercedes-AMG F1 W11 EQ Performance',   '1:15.778','1:15.309','1:15.144', 1,'N'),
(2020, 9,'VABOMF89','Mercedes-AMG F1 W11 EQ Performance',   '1:15.749','1:15.322','1:15.203', 2,'N'),
(2020, 9,'MAVEMN97','Red Bull RB16',                        '1:16.335','1:15.471','1:15.509',19,'Y'),
(2020, 9,'ALALMT96','Red Bull RB16',                        '1:16.527','1:15.914','1:15.954', 3,'N'),
(2020, 9,'CHLEMM97','Ferrari SF1000',                       '1:16.698','1:16.324','1:16.270', 8,'N'),
(2020, 9,'SEVEMD87','Ferrari SF1000',                       '1:17.072','1:16.858',NULL      ,10,'N'),
(2020, 9,'LANOMU99','McLaren MCL35',                        '1:16.895','1:16.640',NULL      , 6,'N'),
(2020, 9,'CASAME94','McLaren MCL35',                        '1:16.993','1:16.522','1:17.870',18,'Y'),
(2020, 9,'DARIMA89','Renault R.S.20',                       '1:16.981','1:16.243','1:16.543', 4,'N'),
(2020, 9,'ESOCMF96','Renault R.S.20',                       '1:16.825','1:16.297',NULL      ,14,'Y'),
(2020, 9,'PIGAMF96','AlphaTauri AT01',                      '1:17.125',NULL      ,NULL      ,20,'Y'),
(2020, 9,'DAKVMR94','AlphaTauri AT01',                      '1:16.928','1:16.854',NULL      , 7,'N'),
(2020, 9,'LASTMC98','Racing Point RP20',                    '1:16.701','1:16.271','1:16.356',13,'N'),
(2020, 9,'SEPEMM90','Racing Point RP20',                    '1:16.596','1:16.489','1:16.311', 5,'N'),
(2020, 9,'KIRAMF79','Alfa Romeo Racing C39',                '1:17.059','1:16.854',NULL      , 9,'N'),
(2020, 9,'ANGIMI93','Alfa Romeo Racing C39',                '1:17.220',NULL      ,NULL      ,17,'Y'),
(2020, 9,'KEMAMD92','Haas VF-20',                           '1:17.348',NULL      ,NULL      ,16,'Y'),
(2020, 9,'ROGRMF86','Haas VF-20',                           '1:17.069','1:17.254',NULL      ,12,'N'),
(2020, 9,'GERUMU98','Williams FW43',                        '1:17.232',NULL      ,NULL      ,11,'N'),
(2020, 9,'NILAMC95','Williams FW43',                        '1:17.320',NULL      ,NULL      ,15,'Y'),

(2020,10,'LEHAMU85','Mercedes-AMG F1 W11 EQ Performance',   '1:32.983','1:32.835','1:31.304', 3,'N'),
(2020,10,'VABOMF89','Mercedes-AMG F1 W11 EQ Performance',   '1:32.656','1:32.405','1:31.956', 1,'N'),
(2020,10,'MAVEMN97','Red Bull RB16',                        '1:33.630','1:33.157','1:31.867', 2,'N'),
(2020,10,'ALALMT96','Red Bull RB16',                        '1:33.919','1:33.153','1:33.008',10,'N'),
(2020,10,'CHLEMM97','Ferrari SF1000',                       '1:34.071','1:33.239',NULL      , 6,'N'),
(2020,10,'SEVEMD87','Ferrari SF1000',                       '1:34.134','1:33.609',NULL      ,13,'N'),
(2020,10,'LANOMU99','McLaren MCL35',                        '1:33.804','1:33.081','1:32.847',15,'N'),
(2020,10,'CASAME94','McLaren MCL35',                        '1:33.967','1:32.757','1:32.550',19,'Y'),
(2020,10,'DARIMA89','Renault R.S.20',                       '1:33.650','1:32.218','1:32.364', 5,'N'),
(2020,10,'ESOCMF96','Renault R.S.20',                       '1:33.557','1:33.196','1:32.624', 7,'N'),
(2020,10,'PIGAMF96','AlphaTauri AT01',                      '1:33.734','1:33.139','1:33.000', 9,'N'),
(2020,10,'DAKVMR94','AlphaTauri AT01',                      '1:33.511','1:33.249',NULL      , 8,'N'),
(2020,10,'LASTMC98','Racing Point RP20',                    '1:33.852','1:33.364',NULL      ,20,'Y'),
(2020,10,'SEPEMM90','Racing Point RP20',                    '1:33.704','1:33.038','1:32.317', 4,'N'),
(2020,10,'KIRAMF79','Alfa Romeo Racing C39',                '1:35.267',NULL      ,NULL      ,14,'N'),
(2020,10,'ANGIMI93','Alfa Romeo Racing C39',                '1:34.594',NULL      ,NULL      ,11,'N'),
(2020,10,'KEMAMD92','Haas VF-20',                           '1:34.681',NULL      ,NULL      ,12,'N'),
(2020,10,'ROGRMF86','Haas VF-20',                           '1:34.592',NULL      ,NULL      ,17,'N'),
(2020,10,'GERUMU98','Williams FW43',                        '1:34.020','1:33.583',NULL      ,18,'N'),
(2020,10,'NILAMC95','Williams FW43',                        '1:35.066',NULL      ,NULL      ,16,'N'),

(2020,11,'LEHAMU85','Mercedes-AMG F1 W11 EQ Performance',   '1:26.620','1:25.390','1:25.525', 1,'N'),
(2020,11,'VABOMF89','Mercedes-AMG F1 W11 EQ Performance',   '1:26.573','1:25.971','1:25.269',19,'Y'),
(2020,11,'MAVEMN97','Red Bull RB16',                        '1:26.319','1:25.467','1:25.562', 2,'N'),
(2020,11,'ALALMT96','Red Bull RB16',                        '1:27.126','1:26.285','1:26.047',17,'Y'),
(2020,11,'CHLEMM97','Ferrari SF1000',                       '1:26.857','1:26.240','1:26.035', 7,'N'),
(2020,11,'SEVEMD87','Ferrari SF1000',                       '1:27.107','1:26.738',NULL      ,11,'N'),
(2020,11,'LANOMU99','McLaren MCL35',                        '1:26.829','1:26.316','1:26.458',16,'Y'),
(2020,11,'CASAME94','McLaren MCL35',                        '1:27.378','1:26.361','1:26.709', 5,'N'),
(2020,11,'DARIMA89','Renault R.S.20',                       '1:26.836','1:26.096','1:26.223', 3,'N'),
(2020,11,'ESOCMF96','Renault R.S.20',                       '1:27.086','1:26.364','1:26.242',18,'Y'),
(2020,11,'PIGAMF96','AlphaTauri AT01',                      '1:27.072','1:26.776',NULL      , 6,'N'),
(2020,11,'DAKVMR94','AlphaTauri AT01',                      '1:27.285','1:26.848',NULL      ,15,'N'),
(2020,11,'LASTMC98','Racing Point RP20',                    '1:28.021',NULL      ,NULL      , 8,'N'),
(2020,11,'SEPEMM90','Racing Point RP20',                    '1:27.120','1:26.330','1:26.704', 4,'N'),
(2020,11,'KIRAMF79','Alfa Romeo Racing C39',                '1:27.817',NULL      ,NULL      ,12,'N'),
(2020,11,'ANGIMI93','Alfa Romeo Racing C39',                '1:27.532','1:26.936',NULL      ,10,'N'),
(2020,11,'KEMAMD92','Haas VF-20',                           '1:27.231','1:27.125',NULL      ,13,'N'),
(2020,11,'ROGRMF86','Haas VF-20',                           '1:27.552',NULL      ,NULL      , 9,'N'),
(2020,11,'GERUMU98','Williams FW43',                        '1:27.564',NULL      ,NULL      ,20,'Y'),
(2020,11,'NILAMC95','Williams FW43',                        '1:27.812',NULL      ,NULL      ,14,'N'),

(2020,12,'LEHAMU85','Mercedes-AMG F1 W11 EQ Performance',   '1:16.828','1:16.824','1:16.652', 1,'N'),
(2020,12,'VABOMF89','Mercedes-AMG F1 W11 EQ Performance',   '1:16.945','1:16.466','1:16.754', 2,'N'),
(2020,12,'MAVEMN97','Red Bull RB16',                        '1:16.879','1:17.038','1:16.904', 3,'N'),
(2020,12,'ALALMT96','Red Bull RB16',                        '1:17.435','1:17.411','1:17.437',12,'N'),
(2020,12,'CHLEMM97','Ferrari SF1000',                       '1:17.421','1:17.367','1:17.090', 4,'N'),
(2020,12,'SEVEMD87','Ferrari SF1000',                       '1:17.446','1:17.919',NULL      ,10,'N'),
(2020,12,'LANOMU99','McLaren MCL35',                        '1:17.547','1:17.321','1:17.525',13,'N'),
(2020,12,'CASAME94','McLaren MCL35',                        '1:17.627','1:17.183','1:17.520', 6,'N'),
(2020,12,'DARIMA89','Renault R.S.20',                       '1:17.621','1:17.481',NULL      , 9,'N'),
(2020,12,'ESOCMF96','Renault R.S.20',                       '1:17.775','1:17.614',NULL      , 8,'N'),
(2020,12,'PIGAMF96','AlphaTauri AT01',                      '1:17.209','1:17.367','1:17.803', 5,'N'),
(2020,12,'DAKVMR94','AlphaTauri AT01',                      '1:17.841','1:17.728',NULL      ,19,'N'),
(2020,12,'LASTMC98','Racing Point RP20',                    '1:17.667','1:17.626',NULL      ,20,'Y'),
(2020,12,'SEPEMM90','Racing Point RP20',                    '1:17.370','1:17.129','1:17.223', 7,'N'),
(2020,12,'KIRAMF79','Alfa Romeo Racing C39',                '1:18.201',NULL      ,NULL      ,11,'N'),
(2020,12,'ANGIMI93','Alfa Romeo Racing C39',                '1:18.323',NULL      ,NULL      ,15,'N'),
(2020,12,'KEMAMD92','Haas VF-20',                           '1:18.508',NULL      ,NULL      ,16,'N'),
(2020,12,'ROGRMF86','Haas VF-20',                           '1:18.364',NULL      ,NULL      ,17,'N'),
(2020,12,'GERUMU98','Williams FW43',                        '1:17.931','1:17.788',NULL      ,14,'N'),
(2020,12,'NILAMC95','Williams FW43',                        '1:18.777',NULL      ,NULL      ,18,'N'),

(2020,13,'LEHAMU85','Mercedes-AMG F1 W11 EQ Performance',   '1:14.229','1:14.643','1:13.706', 1,'N'),
(2020,13,'VABOMF89','Mercedes-AMG F1 W11 EQ Performance',   '1:14.221','1:14.585','1:13.609', 2,'N'),
(2020,13,'MAVEMN97','Red Bull RB16',                        '1:15.034','1:14.974','1:14.176',17,'Y'),
(2020,13,'ALALMT96','Red Bull RB16',                        '1:15.402','1:14.745','1:14.572',15,'N'),
(2020,13,'CHLEMM97','Ferrari SF1000',                       '1:15.123','1:15.017','1:14.616', 5,'N'),
(2020,13,'SEVEMD87','Ferrari SF1000',                       '1:15.571','1:15.385',NULL      ,12,'N'),
(2020,13,'LANOMU99','McLaren MCL35',                        '1:15.274','1:15.051','1:14.814', 8,'N'),
(2020,13,'CASAME94','McLaren MCL35',                        '1:15.528','1:15.027','1:14.911', 7,'N'),
(2020,13,'DARIMA89','Renault R.S.20',                       '1:15.474','1:14.953','1:14.520', 3,'N'),
(2020,13,'ESOCMF96','Renault R.S.20',                       '1:15.352','1:15.201',NULL      ,19,'Y'),
(2020,13,'PIGAMF96','AlphaTauri AT01',                      '1:15.183','1:14.681','1:14.502',20,'Y'),
(2020,13,'DAKVMR94','AlphaTauri AT01',                      '1:15.412','1:15.022','1:14.696', 4,'N'),
(2020,13,'LASTMC98','Racing Point RP20',                    '1:15.822','1:15.494',NULL      ,13,'N'),
(2020,13,'SEPEMM90','Racing Point RP20',                    '1:15.407','1:15.061',NULL      , 6,'N'),
(2020,13,'KIRAMF79','Alfa Romeo Racing C39',                '1:15.953',NULL      ,NULL      , 9,'N'),
(2020,13,'ANGIMI93','Alfa Romeo Racing C39',                '1:16.208',NULL      ,NULL      ,10,'N'),
(2020,13,'KEMAMD92','Haas VF-20',                           '1:15.939',NULL      ,NULL      ,18,'Y'),
(2020,13,'ROGRMF86','Haas VF-20',                           '1:15.918',NULL      ,NULL      ,14,'N'),
(2020,13,'GERUMU98','Williams FW43',                        '1:15.760','1:15.323',NULL      ,16,'Y'),
(2020,13,'NILAMC95','Williams FW43',                        '1:15.987',NULL      ,NULL      ,11,'N'),

(2020,14,'LEHAMU85','Mercedes-AMG F1 W11 EQ Performance',   '2:07.599','1:52.709','1:52.560', 1,'N'),
(2020,14,'VABOMF89','Mercedes-AMG F1 W11 EQ Performance',   '2:07.001','1:53.767','1:53.258',14,'N'),
(2020,14,'MAVEMN97','Red Bull RB16',                        '1:57.485','1:50.293','1:48.055', 6,'N'),
(2020,14,'ALALMT96','Red Bull RB16',                        '1:59.431','1:52.282','1:50.448', 7,'N'),
(2020,14,'CHLEMM97','Ferrari SF1000',                       '2:04.464','1:56.696',NULL      , 4,'N'),
(2020,14,'SEVEMD87','Ferrari SF1000',                       '2:03.356','1:55.169',NULL      , 3,'N'),
(2020,14,'LANOMU99','McLaren MCL35',                        '2:07.167','1:54.945',NULL      , 8,'N'),
(2020,14,'CASAME94','McLaren MCL35',                        '2:07.489','1:55.410',NULL      , 5,'N'),
(2020,14,'DARIMA89','Renault R.S.20',                       '2:05.598','1:54.278','1:51.595',10,'N'),
(2020,14,'ESOCMF96','Renault R.S.20',                       '2:06.115','1:53.657','1:52.622',11,'N'),
(2020,14,'PIGAMF96','AlphaTauri AT01',                      '2:05.579','1:58.556',NULL      ,13,'N'),
(2020,14,'DAKVMR94','AlphaTauri AT01',                      '2:09.070',NULL      ,NULL      ,12,'N'),
(2020,14,'LASTMC98','Racing Point RP20',                    '2:07.467','1:53.372','1:47.765', 9,'N'),
(2020,14,'SEPEMM90','Racing Point RP20',                    '2:07.614','1:54.097','1:49.321', 2,'N'),
(2020,14,'KIRAMF79','Alfa Romeo Racing C39',                '2:01.249','1:53.793','1:52.745',15,'N'),
(2020,14,'ANGIMI93','Alfa Romeo Racing C39',                '2:07.341','1:53.431','1:57.226',20,'Y'),
(2020,14,'KEMAMD92','Haas VF-20',                           '2:08.007',NULL      ,NULL      ,17,'Y'),
(2020,14,'ROGRMF86','Haas VF-20',                           '2:12.909',NULL      ,NULL      ,18,'Y'),
(2020,14,'GERUMU98','Williams FW43',                        '2:10.017',NULL      ,NULL      ,16,'N'),
(2020,14,'NILAMC95','Williams FW43',                        '2:21.611',NULL      ,NULL      ,19,'Y'),

(2020,15,'LEHAMU85','Mercedes-AMG F1 W11 EQ Performance',   '1:28.343','1:27.586','1:27.264', 1,'N'),
(2020,15,'VABOMF89','Mercedes-AMG F1 W11 EQ Performance',   '1:28.767','1:28.063','1:27.553', 8,'N'),
(2020,15,'MAVEMN97','Red Bull RB16',                        '1:28.885','1:28.025','1:27.678', 2,'N'),
(2020,15,'ALALMT96','Red Bull RB16',                        '1:28.732','1:28.749','1:28.274', 3,'N'),
(2020,15,'CHLEMM97','Ferrari SF1000',                       '1:29.137','1:29.165',NULL      ,10,'N'),
(2020,15,'SEVEMD87','Ferrari SF1000',                       '1:29.142','1:29.149',NULL      ,13,'N'),
(2020,15,'LANOMU99','McLaren MCL35',                        '1:29.464','1:28.877','1:28.542', 4,'N'),
(2020,15,'CASAME94','McLaren MCL35',                        '1:28.975',NULL      ,NULL      , 5,'N'),
(2020,15,'DARIMA89','Renault R.S.20',                       '1:29.005','1:28.648','1:28.417', 7,'N'),
(2020,15,'ESOCMF96','Renault R.S.20',                       '1:29.203','1:28.937','1:28.419', 9,'N'),
(2020,15,'PIGAMF96','AlphaTauri AT01',                      '1:28.971','1:29.008','1:28.448', 6,'N'),
(2020,15,'DAKVMR94','AlphaTauri AT01',                      '1:29.158','1:28.944','1:28.618',11,'N'),
(2020,15,'LASTMC98','Racing Point RP20',                    '1:28.679','1:29.557',NULL      ,19,'Y'),
(2020,15,'SEPEMM90','Racing Point RP20',                    '1:29.178','1:28.894','1:28.322',18,'Y'),
(2020,15,'KIRAMF79','Alfa Romeo Racing C39',                '1:29.810',NULL      ,NULL      ,15,'N'),
(2020,15,'ANGIMI93','Alfa Romeo Racing C39',                '1:29.491',NULL      ,NULL      ,16,'N'),
(2020,15,'KEMAMD92','Haas VF-20',                           '1:30.111',NULL      ,NULL      ,17,'N'),
(2020,15,'ROGRMF86','Haas VF-20',                           '1:30.138',NULL      ,NULL      ,20,'N'),
(2020,15,'GERUMU98','Williams FW43',                        '1:29.294','1:31.218',NULL      ,12,'N'),
(2020,15,'NILAMC95','Williams FW43',                        '1:30.182',NULL      ,NULL      ,14,'N'),

(2020,16,'LEHAMU85','Mercedes-AMG F1 W11 EQ Performance',   '0:54.160','0:53.819','0:53.403', 9,'N'),
(2020,16,'VABOMF89','Mercedes-AMG F1 W11 EQ Performance',   '0:53.904','0:53.803','0:53.377', 8,'N'),
(2020,16,'MAVEMN97','Red Bull RB16',                        '0:54.037','0:53.647','0:53.433',19,'Y'),
(2020,16,'ALALMT96','Red Bull RB16',                        '0:54.620','0:54.026',NULL      , 6,'N'),
(2020,16,'CHLEMM97','Ferrari SF1000',                       '0:54.249','0:53.825','0:53.613',20,'Y'),
(2020,16,'SEVEMD87','Ferrari SF1000',                       '0:54.301','0:54.175',NULL      ,12,'N'),
(2020,16,'LANOMU99','McLaren MCL35',                        '0:54.194','0:54.693',NULL      ,10,'N'),
(2020,16,'CASAME94','McLaren MCL35',                        '0:54.450','0:53.818','0:54.010', 4,'N'),
(2020,16,'DARIMA89','Renault R.S.20',                       '0:54.388','0:53.871','0:53.957', 5,'N'),
(2020,16,'ESOCMF96','Renault R.S.20',                       '0:54.309','0:53.995',NULL      , 2,'N'),
(2020,16,'PIGAMF96','AlphaTauri AT01',                      '0:54.207','0:53.941','0:54.154',11,'N'),
(2020,16,'DAKVMR94','AlphaTauri AT01',                      '0:54.346','0:53.856','0:53.906', 7,'N'),
(2020,16,'LASTMC98','Racing Point RP20',                    '0:54.595','0:53.840','0:54.200', 3,'N'),
(2020,16,'SEPEMM90','Racing Point RP20',                    '0:54.236','0:53.787','0:53.790', 1,'N'),
(2020,16,'KIRAMF79','Alfa Romeo Racing C39',                '0:54.963',NULL      ,NULL      ,14,'N'),
(2020,16,'ANGIMI93','Alfa Romeo Racing C39',                '0:54.523','0:54.377',NULL      ,13,'N'),
(2020,16,'KEMAMD92','Haas VF-20',                           '0:54.705',NULL      ,NULL      ,15,'N'),
(2020,16,'ROGRMF86','Haas VF-20',                           '0:55.426',NULL      ,NULL      ,17,'N'),
(2020,16,'GERUMU98','Williams FW43',                        '0:54.892',NULL      ,NULL      , 9,'N'),
(2020,16,'NILAMC95','Williams FW43',                        '0:54.796',NULL      ,NULL      ,18,'Y'),

(2020,17,'LEHAMU85','Mercedes-AMG F1 W11 EQ Performance',   '1:35.528','1:35.466','1:35.332', 3,'N'),
(2020,17,'VABOMF89','Mercedes-AMG F1 W11 EQ Performance',   '1:35.699','1:35.527','1:35.271', 2,'N'),
(2020,17,'MAVEMN97','Red Bull RB16',                        '1:35.993','1:35.641','1:35.246', 1,'N'),
(2020,17,'ALALMT96','Red Bull RB16',                        '1:36.106','1:35.654','1:35.571', 4,'N'),
(2020,17,'CHLEMM97','Ferrari SF1000',                       '1:35.881','1:35.932','1:36.065',13,'N'),
(2020,17,'SEVEMD87','Ferrari SF1000',                       '1:36.655','1:36.631',NULL      ,14,'N'),
(2020,17,'LANOMU99','McLaren MCL35',                        '1:36.016','1:35.849','1:35.497', 5,'N'),
(2020,17,'CASAME94','McLaren MCL35',                        '1:36.517','1:36.192','1:35.815', 6,'N'),
(2020,17,'DARIMA89','Renault R.S.20',                       '1:36.704','1:36.406',NULL      , 7,'N'),
(2020,17,'ESOCMF96','Renault R.S.20',                       '1:36.783','1:36.359',NULL      , 9,'N'),
(2020,17,'PIGAMF96','AlphaTauri AT01',                      '1:36.545','1:36.282','1:36.242', 8,'N'),
(2020,17,'DAKVMR94','AlphaTauri AT01',                      '1:36.459','1:36.214','1:35.963',11,'N'),
(2020,17,'LASTMC98','Racing Point RP20',                    '1:36.502','1:36.143','1:36.046',10,'N'),
(2020,17,'SEPEMM90','Racing Point RP20',                    '1:36.034',NULL      ,NULL      ,20,'Y'),
(2020,17,'KIRAMF79','Alfa Romeo Racing C39',                '1:37.555',NULL      ,NULL      ,12,'N'),
(2020,17,'ANGIMI93','Alfa Romeo Racing C39',                '1:37.075','1:38.248',NULL      ,16,'N'),
(2020,17,'KEMAMD92','Haas VF-20',                           '1:37.863',NULL      ,NULL      ,18,'N'),
(2020,17,'ROGRMF86','Haas VF-20',                           '1:38.173',NULL      ,NULL      ,19,'N'),
(2020,17,'GERUMU98','Williams FW43',                        '1:38.045',NULL      ,NULL      ,15,'N'),
(2020,17,'NILAMC95','Williams FW43',                        '1:38.443',NULL      ,NULL      ,17,'N');


create index "posizioni_arrivo" on prestazione(anno,gara_num,codice_fiscale,posizione_arrivo);

/*l'informazione più importante è il pilota che in una determinata gara ottiene un certo piazzamento per cui si indicizza così*/